<?xml version="1.0" encoding="UTF-8"?>
<osm version="0.6" generator="openstreetmap-cgimap 2.1.0 (244688 spike-07.openstreetmap.org)" copyright="OpenStreetMap and contributors" attribution="http://www.openstreetmap.org/copyright" license="http://opendatacommons.org/licenses/odbl/1-0/">
 <bounds minlat="52.5871730" minlon="-1.8304280" maxlat="52.5881670" maxlon="-1.8279330"/>
 <node id="210392" visible="true" version="4" changeset="13245697" timestamp="2012-09-25T12:12:21Z" user="brianboru" uid="9065" lat="52.5991741" lon="-1.8395857"/>
 <node id="210395" visible="true" version="2" changeset="13233147" timestamp="2012-09-24T12:37:23Z" user="brianboru" uid="9065" lat="52.5987104" lon="-1.8395940"/>
 <node id="210396" visible="true" version="2" changeset="13233147" timestamp="2012-09-24T12:37:23Z" user="brianboru" uid="9065" lat="52.5980952" lon="-1.8395307"/>
 <node id="210397" visible="true" version="2" changeset="13233147" timestamp="2012-09-24T12:37:23Z" user="brianboru" uid="9065" lat="52.5974864" lon="-1.8393131"/>
 <node id="210398" visible="true" version="2" changeset="8071425" timestamp="2011-05-07T08:15:05Z" user="blackadder" uid="735" lat="52.5970056" lon="-1.8390258"/>
 <node id="210399" visible="true" version="3" changeset="8071425" timestamp="2011-05-07T08:15:10Z" user="blackadder" uid="735" lat="52.5966320" lon="-1.8387161"/>
 <node id="210400" visible="true" version="2" changeset="8071425" timestamp="2011-05-07T08:15:12Z" user="blackadder" uid="735" lat="52.5952652" lon="-1.8375130"/>
 <node id="210401" visible="true" version="2" changeset="8071425" timestamp="2011-05-07T08:15:17Z" user="blackadder" uid="735" lat="52.5940170" lon="-1.8364252"/>
 <node id="210403" visible="true" version="2" changeset="8071425" timestamp="2011-05-07T08:14:53Z" user="blackadder" uid="735" lat="52.5928139" lon="-1.8353708"/>
 <node id="210404" visible="true" version="2" changeset="8071425" timestamp="2011-05-07T08:14:58Z" user="blackadder" uid="735" lat="52.5916131" lon="-1.8342926"/>
 <node id="210405" visible="true" version="3" changeset="55083587" timestamp="2018-01-01T18:52:51Z" user="blackadder" uid="735" lat="52.5898601" lon="-1.8323539"/>
 <node id="210406" visible="true" version="3" changeset="55082836" timestamp="2018-01-01T18:20:53Z" user="blackadder" uid="735" lat="52.5886560" lon="-1.8310051"/>
 <node id="210408" visible="true" version="5" changeset="89927626" timestamp="2020-08-25T17:25:12Z" user="Mike Baggaley" uid="873940" lat="52.5877447" lon="-1.8301339"/>
 <node id="210409" visible="true" version="3" changeset="55082836" timestamp="2018-01-01T18:20:53Z" user="blackadder" uid="735" lat="52.5879128" lon="-1.8303850">
  <tag k="crossing" v="uncontrolled"/>
  <tag k="crossing_ref" v="zebra"/>
  <tag k="highway" v="crossing"/>
 </node>
 <node id="210412" visible="true" version="5" changeset="34450479" timestamp="2015-10-05T15:41:08Z" user="blackadder" uid="735" lat="52.5877123" lon="-1.8302707"/>
 <node id="210414" visible="true" version="4" changeset="34450479" timestamp="2015-10-05T15:41:08Z" user="blackadder" uid="735" lat="52.5875949" lon="-1.8302240"/>
 <node id="210416" visible="true" version="5" changeset="89927626" timestamp="2020-08-25T17:25:12Z" user="Mike Baggaley" uid="873940" lat="52.5874149" lon="-1.8300449"/>
 <node id="210417" visible="true" version="3" changeset="9524108" timestamp="2011-10-10T18:10:28Z" user="blackadder" uid="735" lat="52.5874294" lon="-1.8299231"/>
 <node id="210419" visible="true" version="3" changeset="9524108" timestamp="2011-10-10T18:10:29Z" user="blackadder" uid="735" lat="52.5875757" lon="-1.8299056"/>
 <node id="210420" visible="true" version="5" changeset="55082836" timestamp="2018-01-01T18:20:53Z" user="blackadder" uid="735" lat="52.5876310" lon="-1.8299479"/>
 <node id="210421" visible="true" version="2" changeset="5304197" timestamp="2010-07-24T14:04:11Z" user="Curran1980" uid="12667" lat="52.5875208" lon="-1.8295347"/>
 <node id="210422" visible="true" version="4" changeset="148397560" timestamp="2024-03-08T18:56:48Z" user="blackadder" uid="735" lat="52.5876301" lon="-1.8263662"/>
 <node id="210423" visible="true" version="5" changeset="140187144" timestamp="2023-08-21T15:05:55Z" user="markbeech" uid="11965237" lat="52.5876046" lon="-1.8305781">
  <tag k="crossing" v="uncontrolled"/>
  <tag k="crossing_ref" v="zebra"/>
  <tag k="highway" v="crossing"/>
  <tag k="tactile_paving" v="yes"/>
 </node>
 <node id="210427" visible="true" version="3" changeset="55082836" timestamp="2018-01-01T18:20:53Z" user="blackadder" uid="735" lat="52.5869884" lon="-1.8299730"/>
 <node id="215257" visible="true" version="3" changeset="8071425" timestamp="2011-05-07T08:14:54Z" user="blackadder" uid="735" lat="52.5877313" lon="-1.8248968"/>
 <node id="215258" visible="true" version="2" changeset="8071425" timestamp="2011-05-07T08:15:00Z" user="blackadder" uid="735" lat="52.5877462" lon="-1.8241441"/>
 <node id="215259" visible="true" version="2" changeset="12769969" timestamp="2012-08-18T07:31:37Z" user="brianboru" uid="9065" lat="52.5875793" lon="-1.8229200"/>
 <node id="215260" visible="true" version="2" changeset="12769969" timestamp="2012-08-18T07:31:37Z" user="brianboru" uid="9065" lat="52.5875212" lon="-1.8225758"/>
 <node id="215261" visible="true" version="4" changeset="24760046" timestamp="2014-08-15T05:57:19Z" user="blackadder" uid="735" lat="52.5871002" lon="-1.8217763"/>
 <node id="215263" visible="true" version="3" changeset="13412649" timestamp="2012-10-08T13:27:08Z" user="brianboru" uid="9065" lat="52.5857625" lon="-1.8199720"/>
 <node id="215268" visible="true" version="2" changeset="13412368" timestamp="2012-10-08T13:04:46Z" user="brianboru" uid="9065" lat="52.5870467" lon="-1.8162912"/>
 <node id="244004" visible="true" version="3" changeset="34677177" timestamp="2015-10-16T15:00:32Z" user="blackadder" uid="735" lat="52.5867298" lon="-1.8297241"/>
 <node id="244062" visible="true" version="2" changeset="10682206" timestamp="2012-02-14T12:23:03Z" user="blackadder" uid="735" lat="52.5860785" lon="-1.8206231"/>
 <node id="244063" visible="true" version="4" changeset="35594447" timestamp="2015-11-26T16:15:54Z" user="blackadder" uid="735" lat="52.5857678" lon="-1.8197663"/>
 <node id="294097" visible="true" version="2" changeset="8071425" timestamp="2011-05-07T08:15:07Z" user="blackadder" uid="735" lat="52.5910325" lon="-1.8312027"/>
 <node id="294098" visible="true" version="2" changeset="8071425" timestamp="2011-05-07T08:15:12Z" user="blackadder" uid="735" lat="52.5904872" lon="-1.8309049"/>
 <node id="294099" visible="true" version="3" changeset="55082836" timestamp="2018-01-01T18:20:53Z" user="blackadder" uid="735" lat="52.5890460" lon="-1.8295714"/>
 <node id="294100" visible="true" version="3" changeset="55082836" timestamp="2018-01-01T18:20:53Z" user="blackadder" uid="735" lat="52.5888744" lon="-1.8295849"/>
 <node id="434029" visible="true" version="4" changeset="13489857" timestamp="2012-10-14T10:03:31Z" user="brianboru" uid="9065" lat="52.5906889" lon="-1.8203672"/>
 <node id="2438530" visible="true" version="3" changeset="11949890" timestamp="2012-06-19T16:23:44Z" user="blackadder" uid="735" lat="52.5876867" lon="-1.8236321"/>
 <node id="2502618" visible="true" version="3" changeset="55082836" timestamp="2018-01-01T18:20:53Z" user="blackadder" uid="735" lat="52.5897238" lon="-1.8300485"/>
 <node id="2502626" visible="true" version="2" changeset="8071425" timestamp="2011-05-07T08:14:56Z" user="blackadder" uid="735" lat="52.5892459" lon="-1.8316601"/>
 <node id="2502627" visible="true" version="2" changeset="8071425" timestamp="2011-05-07T08:15:00Z" user="blackadder" uid="735" lat="52.5889488" lon="-1.8313205"/>
 <node id="2502628" visible="true" version="3" changeset="55083587" timestamp="2018-01-01T18:52:51Z" user="blackadder" uid="735" lat="52.5898025" lon="-1.8322952"/>
 <node id="2502629" visible="true" version="4" changeset="55083587" timestamp="2018-01-01T18:52:51Z" user="blackadder" uid="735" lat="52.5901855" lon="-1.8327384"/>
 <node id="2502630" visible="true" version="2" changeset="8071425" timestamp="2011-05-07T08:15:17Z" user="blackadder" uid="735" lat="52.5908271" lon="-1.8334877"/>
 <node id="2502631" visible="true" version="2" changeset="8071425" timestamp="2011-05-07T08:14:45Z" user="blackadder" uid="735" lat="52.5910830" lon="-1.8337659"/>
 <node id="2502633" visible="true" version="2" changeset="8071425" timestamp="2011-05-07T08:14:58Z" user="blackadder" uid="735" lat="52.5907821" lon="-1.8310742"/>
 <node id="2502655" visible="true" version="2" changeset="8071425" timestamp="2011-05-07T08:15:14Z" user="blackadder" uid="735" lat="52.5936019" lon="-1.8360635"/>
 <node id="2502656" visible="true" version="2" changeset="8071425" timestamp="2011-05-07T08:14:56Z" user="blackadder" uid="735" lat="52.5932438" lon="-1.8357464"/>
 <node id="2502666" visible="true" version="2" changeset="8071425" timestamp="2011-05-07T08:15:15Z" user="blackadder" uid="735" lat="52.5950524" lon="-1.8373334"/>
 <node id="2502668" visible="true" version="2" changeset="8071425" timestamp="2011-05-07T08:14:50Z" user="blackadder" uid="735" lat="52.5943503" lon="-1.8367196"/>
 <node id="2502676" visible="true" version="2" changeset="8071425" timestamp="2011-05-07T08:15:02Z" user="blackadder" uid="735" lat="52.5959789" lon="-1.8381498"/>
 <node id="20980315" visible="true" version="2" changeset="49030576" timestamp="2017-05-27T18:18:42Z" user="pigsonthewing" uid="139424" lat="52.5872475" lon="-1.8283329">
  <tag k="created_by" v="JOSM"/>
  <tag k="name" v="Mere Green"/>
  <tag k="place" v="village"/>
  <tag k="wikidata" v="Q6818862"/>
 </node>
 <node id="367692593" visible="true" version="7" changeset="111564626" timestamp="2021-09-22T22:24:09Z" user="user_5589" uid="5589" lat="52.5873328" lon="-1.8302093">
  <tag k="asset_ref" v="503702"/>
  <tag k="bus" v="yes"/>
  <tag k="highway" v="bus_stop"/>
  <tag k="location" v="Lichfield Road;Barleys"/>
  <tag k="name" v="Lichfield Rd / Barleys"/>
  <tag k="NaPTANAreaCode" v="43000574201"/>
  <tag k="naptan:AtcoCode" v="43000574201"/>
  <tag k="naptan:Bearing" v="N"/>
  <tag k="naptan:BusStopType" v="MKD"/>
  <tag k="naptan:CommonName" v="Barleys"/>
  <tag k="naptan:Indicator" v="adj"/>
  <tag k="naptan:NaptanCode" v="nwmdjadt"/>
  <tag k="naptan:PlusbusZoneRef" v="BHAMNWS"/>
  <tag k="naptan:Status" v="ACT"/>
  <tag k="naptan:StopType" v="BCT"/>
  <tag k="naptan:Street" v="LICHFIELD RD"/>
  <tag k="naptan:Towards" v="Hill Hook, Roughley, Streetly"/>
  <tag k="naptan:verified" v="yes"/>
  <tag k="public_transport" v="platform"/>
  <tag k="route_ref" v="6;78;X12;X3;X5"/>
  <tag k="shelter" v="yes"/>
  <tag k="shelter_ref" v="503702"/>
  <tag k="source" v="WMCA"/>
  <tag k="towards" v="Hillhook;Roughley;Streetly"/>
 </node>
 <node id="431364064" visible="true" version="3" changeset="13233147" timestamp="2012-09-24T12:37:24Z" user="brianboru" uid="9065" lat="52.5977825" lon="-1.8394357"/>
 <node id="447585091" visible="true" version="2" changeset="9524108" timestamp="2011-10-10T18:10:31Z" user="blackadder" uid="735" lat="52.5868192" lon="-1.8269126"/>
 <node id="447585093" visible="true" version="2" changeset="9524108" timestamp="2011-10-10T18:10:31Z" user="blackadder" uid="735" lat="52.5863721" lon="-1.8252661"/>
 <node id="447585094" visible="true" version="2" changeset="9524108" timestamp="2011-10-10T18:10:31Z" user="blackadder" uid="735" lat="52.5860775" lon="-1.8260432"/>
 <node id="447585097" visible="true" version="2" changeset="9524108" timestamp="2011-10-10T18:10:31Z" user="blackadder" uid="735" lat="52.5875030" lon="-1.8265613"/>
 <node id="748830693" visible="true" version="4" changeset="16330129" timestamp="2013-05-28T20:54:43Z" user="blackadder" uid="735" lat="52.5929949" lon="-1.8231791"/>
 <node id="748830696" visible="true" version="3" changeset="16330129" timestamp="2013-05-28T20:54:43Z" user="blackadder" uid="735" lat="52.5928757" lon="-1.8259908"/>
 <node id="748830698" visible="true" version="3" changeset="16330129" timestamp="2013-05-28T20:54:43Z" user="blackadder" uid="735" lat="52.5925196" lon="-1.8260271"/>
 <node id="748830701" visible="true" version="2" changeset="8071425" timestamp="2011-05-07T08:14:59Z" user="blackadder" uid="735" lat="52.5924671" lon="-1.8268398"/>
 <node id="748830707" visible="true" version="2" changeset="8071425" timestamp="2011-05-07T08:14:59Z" user="blackadder" uid="735" lat="52.5927703" lon="-1.8269607"/>
 <node id="748830709" visible="true" version="2" changeset="8071425" timestamp="2011-05-07T08:15:10Z" user="blackadder" uid="735" lat="52.5930804" lon="-1.8274378"/>
 <node id="831328324" visible="true" version="3" changeset="34450479" timestamp="2015-10-05T15:41:08Z" user="blackadder" uid="735" lat="52.5877376" lon="-1.8302382"/>
 <node id="831328336" visible="true" version="3" changeset="34450479" timestamp="2015-10-05T15:41:08Z" user="blackadder" uid="735" lat="52.5877306" lon="-1.8300816"/>
 <node id="831328337" visible="true" version="2" changeset="9524108" timestamp="2011-10-10T18:10:32Z" user="blackadder" uid="735" lat="52.5877098" lon="-1.8300471"/>
 <node id="831328356" visible="true" version="2" changeset="9524108" timestamp="2011-10-10T18:10:32Z" user="blackadder" uid="735" lat="52.5875083" lon="-1.8298839"/>
 <node id="831328359" visible="true" version="2" changeset="9524108" timestamp="2011-10-10T18:10:32Z" user="blackadder" uid="735" lat="52.5874614" lon="-1.8298871"/>
 <node id="831328434" visible="true" version="2" changeset="9524108" timestamp="2011-10-10T18:10:32Z" user="blackadder" uid="735" lat="52.5874140" lon="-1.8299605"/>
 <node id="831328491" visible="true" version="3" changeset="34450479" timestamp="2015-10-05T15:41:08Z" user="blackadder" uid="735" lat="52.5874421" lon="-1.8301006"/>
 <node id="898716757" visible="true" version="2" changeset="12769969" timestamp="2012-08-18T07:31:37Z" user="brianboru" uid="9065" lat="52.5873897" lon="-1.8221958"/>
 <node id="1275584197" visible="true" version="2" changeset="55082836" timestamp="2018-01-01T18:20:54Z" user="blackadder" uid="735" lat="52.5899454" lon="-1.8302476"/>
 <node id="1275584206" visible="true" version="3" changeset="55082836" timestamp="2018-01-01T18:20:54Z" user="blackadder" uid="735" lat="52.5891354" lon="-1.8295974"/>
 <node id="1275584240" visible="true" version="3" changeset="16330129" timestamp="2013-05-28T20:54:41Z" user="blackadder" uid="735" lat="52.5929113" lon="-1.8243052"/>
 <node id="1275584254" visible="true" version="1" changeset="8071425" timestamp="2011-05-07T08:14:29Z" user="blackadder" uid="735" lat="52.5877524" lon="-1.8244879"/>
 <node id="1275584298" visible="true" version="1" changeset="8071425" timestamp="2011-05-07T08:14:30Z" user="blackadder" uid="735" lat="52.5922099" lon="-1.8348344"/>
 <node id="1275584338" visible="true" version="2" changeset="55082836" timestamp="2018-01-01T18:20:54Z" user="blackadder" uid="735" lat="52.5889762" lon="-1.8295703"/>
 <node id="1275584362" visible="true" version="2" changeset="55082836" timestamp="2018-01-01T18:20:54Z" user="blackadder" uid="735" lat="52.5894840" lon="-1.8298366"/>
 <node id="1275584365" visible="true" version="2" changeset="16330129" timestamp="2013-05-28T20:54:41Z" user="blackadder" uid="735" lat="52.5928739" lon="-1.8247322"/>
 <node id="1275584374" visible="true" version="3" changeset="14272208" timestamp="2012-12-14T14:50:34Z" user="blackadder" uid="735" lat="52.5875109" lon="-1.8285246"/>
 <node id="1275584375" visible="true" version="2" changeset="55082836" timestamp="2018-01-01T18:20:54Z" user="blackadder" uid="735" lat="52.5901445" lon="-1.8304528"/>
 <node id="1275584443" visible="true" version="2" changeset="55082836" timestamp="2018-01-01T18:20:54Z" user="blackadder" uid="735" lat="52.5880932" lon="-1.8297755"/>
 <node id="1275584445" visible="true" version="3" changeset="16330129" timestamp="2013-05-28T20:54:41Z" user="blackadder" uid="735" lat="52.5929661" lon="-1.8247917"/>
 <node id="1275584462" visible="true" version="2" changeset="55082836" timestamp="2018-01-01T18:20:54Z" user="blackadder" uid="735" lat="52.5892377" lon="-1.8296554"/>
 <node id="1275584473" visible="true" version="1" changeset="8071425" timestamp="2011-05-07T08:14:36Z" user="blackadder" uid="735" lat="52.5906218" lon="-1.8310061"/>
 <node id="1275584479" visible="true" version="1" changeset="8071425" timestamp="2011-05-07T08:14:36Z" user="blackadder" uid="735" lat="52.5930247" lon="-1.8243222"/>
 <node id="1275584507" visible="true" version="1" changeset="8071425" timestamp="2011-05-07T08:14:37Z" user="blackadder" uid="735" lat="52.5928567" lon="-1.8354135"/>
 <node id="1275584513" visible="true" version="2" changeset="55082836" timestamp="2018-01-01T18:20:54Z" user="blackadder" uid="735" lat="52.5877845" lon="-1.8298867"/>
 <node id="1461511882" visible="true" version="1" changeset="9524108" timestamp="2011-10-10T18:09:55Z" user="blackadder" uid="735" lat="52.5863193" lon="-1.8279361"/>
 <node id="1461511885" visible="true" version="1" changeset="9524108" timestamp="2011-10-10T18:09:55Z" user="blackadder" uid="735" lat="52.5863681" lon="-1.8278089"/>
 <node id="1461511907" visible="true" version="1" changeset="9524108" timestamp="2011-10-10T18:09:55Z" user="blackadder" uid="735" lat="52.5864481" lon="-1.8278758"/>
 <node id="1461511961" visible="true" version="1" changeset="9524108" timestamp="2011-10-10T18:09:56Z" user="blackadder" uid="735" lat="52.5868803" lon="-1.8282589"/>
 <node id="1461511975" visible="true" version="3" changeset="55082836" timestamp="2018-01-01T18:20:54Z" user="blackadder" uid="735" lat="52.5871979" lon="-1.8299062">
  <tag k="crossing" v="uncontrolled"/>
  <tag k="highway" v="crossing"/>
 </node>
 <node id="1461511984" visible="true" version="3" changeset="55082836" timestamp="2018-01-01T18:20:54Z" user="blackadder" uid="735" lat="52.5871915" lon="-1.8300334">
  <tag k="crossing" v="uncontrolled"/>
  <tag k="highway" v="crossing"/>
 </node>
 <node id="1461511995" visible="true" version="2" changeset="44346554" timestamp="2016-12-12T13:54:00Z" user="brianboru" uid="9065" lat="52.5873430" lon="-1.8300674">
  <tag k="highway" v="give_way"/>
 </node>
 <node id="1461512010" visible="true" version="1" changeset="9524108" timestamp="2011-10-10T18:09:56Z" user="blackadder" uid="735" lat="52.5873673" lon="-1.8285159"/>
 <node id="1461512012" visible="true" version="1" changeset="9524108" timestamp="2011-10-10T18:09:56Z" user="blackadder" uid="735" lat="52.5873968" lon="-1.8299303"/>
 <node id="1461512016" visible="true" version="1" changeset="9524108" timestamp="2011-10-10T18:09:57Z" user="blackadder" uid="735" lat="52.5874614" lon="-1.8276759"/>
 <node id="1461512019" visible="true" version="3" changeset="17099708" timestamp="2013-07-26T10:17:39Z" user="blackadder" uid="735" lat="52.5875140" lon="-1.8289002">
  <tag k="crossing" v="traffic_signals"/>
  <tag k="crossing_ref" v="pelican"/>
  <tag k="highway" v="crossing"/>
  <tag k="source:type" v="BCC_CycleData"/>
 </node>
 <node id="1461512050" visible="true" version="1" changeset="9524108" timestamp="2011-10-10T18:09:57Z" user="blackadder" uid="735" lat="52.5875996" lon="-1.8303925"/>
 <node id="1461512051" visible="true" version="5" changeset="148397560" timestamp="2024-03-08T18:56:48Z" user="blackadder" uid="735" lat="52.5876736" lon="-1.8256203">
  <tag k="crossing" v="traffic_signals"/>
  <tag k="crossing_ref" v="pelican"/>
  <tag k="highway" v="crossing"/>
 </node>
 <node id="1461512062" visible="true" version="3" changeset="55082836" timestamp="2018-01-01T18:20:54Z" user="blackadder" uid="735" lat="52.5876723" lon="-1.8299274">
  <tag k="highway" v="give_way"/>
 </node>
 <node id="1461542094" visible="true" version="1" changeset="9524247" timestamp="2011-10-10T18:24:38Z" user="blackadder" uid="735" lat="52.5811936" lon="-1.8282563"/>
 <node id="1632636009" visible="true" version="1" changeset="10682206" timestamp="2012-02-14T12:23:00Z" user="blackadder" uid="735" lat="52.5862773" lon="-1.8209454"/>
 <node id="1632636012" visible="true" version="1" changeset="10682206" timestamp="2012-02-14T12:23:00Z" user="blackadder" uid="735" lat="52.5867682" lon="-1.8214801"/>
 <node id="1632646851" visible="true" version="2" changeset="13428192" timestamp="2012-10-09T14:54:58Z" user="brianboru" uid="9065" lat="52.5856555" lon="-1.8272329"/>
 <node id="1632646852" visible="true" version="1" changeset="10682274" timestamp="2012-02-14T12:31:21Z" user="blackadder" uid="735" lat="52.5858585" lon="-1.8266566"/>
 <node id="1632646853" visible="true" version="2" changeset="13428237" timestamp="2012-10-09T14:58:08Z" user="brianboru" uid="9065" lat="52.5858428" lon="-1.8267071"/>
 <node id="1632646858" visible="true" version="1" changeset="10682274" timestamp="2012-02-14T12:31:21Z" user="blackadder" uid="735" lat="52.5860254" lon="-1.8261822"/>
 <node id="1632680610" visible="true" version="2" changeset="34450479" timestamp="2015-10-05T15:41:07Z" user="blackadder" uid="735" lat="52.5876432" lon="-1.8302556"/>
 <node id="1659592018" visible="true" version="3" changeset="182928787" timestamp="2026-05-20T13:34:12Z" user="Casey_boy" uid="122844" lat="52.5980302" lon="-1.8347131"/>
 <node id="1659592105" visible="true" version="3" changeset="182930631" timestamp="2026-05-20T14:14:28Z" user="Casey_boy" uid="122844" lat="52.5975090" lon="-1.8347179"/>
 <node id="1659592148" visible="true" version="3" changeset="16330129" timestamp="2013-05-28T20:54:41Z" user="blackadder" uid="735" lat="52.5928921" lon="-1.8199269"/>
 <node id="1659592192" visible="true" version="2" changeset="11929480" timestamp="2012-06-17T19:19:23Z" user="brianboru" uid="9065" lat="52.5991335" lon="-1.8292011"/>
 <node id="1659592210" visible="true" version="3" changeset="13233147" timestamp="2012-09-24T12:37:23Z" user="brianboru" uid="9065" lat="52.5991336" lon="-1.8305817"/>
 <node id="1659592277" visible="true" version="2" changeset="11929507" timestamp="2012-06-17T19:21:40Z" user="brianboru" uid="9065" lat="52.5959395" lon="-1.8278952"/>
 <node id="1659592299" visible="true" version="2" changeset="11929507" timestamp="2012-06-17T19:21:40Z" user="brianboru" uid="9065" lat="52.5957877" lon="-1.8286601"/>
 <node id="1659592303" visible="true" version="2" changeset="11929480" timestamp="2012-06-17T19:19:23Z" user="brianboru" uid="9065" lat="52.5985590" lon="-1.8292847"/>
 <node id="1659592304" visible="true" version="2" changeset="11929480" timestamp="2012-06-17T19:19:23Z" user="brianboru" uid="9065" lat="52.5976075" lon="-1.8310379"/>
 <node id="1659592319" visible="true" version="2" changeset="11929480" timestamp="2012-06-17T19:19:23Z" user="brianboru" uid="9065" lat="52.5965074" lon="-1.8283598"/>
 <node id="1659592362" visible="true" version="2" changeset="11929480" timestamp="2012-06-17T19:19:23Z" user="brianboru" uid="9065" lat="52.5985736" lon="-1.8281659"/>
 <node id="1659592391" visible="true" version="4" changeset="182930631" timestamp="2026-05-20T14:14:28Z" user="Casey_boy" uid="122844" lat="52.5989078" lon="-1.8374259"/>
 <node id="1659592413" visible="true" version="4" changeset="182930631" timestamp="2026-05-20T14:14:28Z" user="Casey_boy" uid="122844" lat="52.5979100" lon="-1.8362573"/>
 <node id="1659592423" visible="true" version="3" changeset="182928787" timestamp="2026-05-20T13:34:12Z" user="Casey_boy" uid="122844" lat="52.5989084" lon="-1.8387041"/>
 <node id="1792251419" visible="true" version="1" changeset="11929480" timestamp="2012-06-17T19:19:20Z" user="brianboru" uid="9065" lat="52.5964090" lon="-1.8283350"/>
 <node id="1792251420" visible="true" version="1" changeset="11929480" timestamp="2012-06-17T19:19:20Z" user="brianboru" uid="9065" lat="52.5964624" lon="-1.8280927"/>
 <node id="1792251430" visible="true" version="1" changeset="11929480" timestamp="2012-06-17T19:19:21Z" user="brianboru" uid="9065" lat="52.5973361" lon="-1.8283895"/>
 <node id="1792251432" visible="true" version="1" changeset="11929480" timestamp="2012-06-17T19:19:21Z" user="brianboru" uid="9065" lat="52.5973619" lon="-1.8281866"/>
 <node id="1792251435" visible="true" version="1" changeset="11929480" timestamp="2012-06-17T19:19:21Z" user="brianboru" uid="9065" lat="52.5974189" lon="-1.8308214"/>
 <node id="1792251439" visible="true" version="1" changeset="11929480" timestamp="2012-06-17T19:19:21Z" user="brianboru" uid="9065" lat="52.5976102" lon="-1.8307911"/>
 <node id="1792254554" visible="true" version="1" changeset="11929507" timestamp="2012-06-17T19:21:39Z" user="brianboru" uid="9065" lat="52.5941853" lon="-1.8280871"/>
 <node id="1792254555" visible="true" version="1" changeset="11929507" timestamp="2012-06-17T19:21:39Z" user="brianboru" uid="9065" lat="52.5949285" lon="-1.8283576"/>
 <node id="1794652908" visible="true" version="1" changeset="11949890" timestamp="2012-06-19T16:23:37Z" user="blackadder" uid="735" lat="52.5865847" lon="-1.8274865"/>
 <node id="1794652910" visible="true" version="1" changeset="11949890" timestamp="2012-06-19T16:23:37Z" user="blackadder" uid="735" lat="52.5866581" lon="-1.8275661"/>
 <node id="1794652915" visible="true" version="1" changeset="11949890" timestamp="2012-06-19T16:23:37Z" user="blackadder" uid="735" lat="52.5867767" lon="-1.8276940"/>
 <node id="1794652919" visible="true" version="1" changeset="11949890" timestamp="2012-06-19T16:23:37Z" user="blackadder" uid="735" lat="52.5868924" lon="-1.8278257"/>
 <node id="1794652921" visible="true" version="1" changeset="11949890" timestamp="2012-06-19T16:23:37Z" user="blackadder" uid="735" lat="52.5869313" lon="-1.8278668"/>
 <node id="1794652923" visible="true" version="1" changeset="11949890" timestamp="2012-06-19T16:23:38Z" user="blackadder" uid="735" lat="52.5869725" lon="-1.8279060"/>
 <node id="1794652951" visible="true" version="2" changeset="14272208" timestamp="2012-12-14T14:50:34Z" user="blackadder" uid="735" lat="52.5875159" lon="-1.8282046"/>
 <node id="1794652953" visible="true" version="2" changeset="111861091" timestamp="2021-09-29T11:16:05Z" user="TJS" uid="35691" lat="52.5875784" lon="-1.8269500"/>
 <node id="1794652957" visible="true" version="2" changeset="12759176" timestamp="2012-08-17T08:00:25Z" user="brianboru" uid="9065" lat="52.5888875" lon="-1.8234985"/>
 <node id="1794652958" visible="true" version="2" changeset="12759176" timestamp="2012-08-17T08:00:25Z" user="brianboru" uid="9065" lat="52.5887102" lon="-1.8234970"/>
 <node id="1794652960" visible="true" version="2" changeset="12759176" timestamp="2012-08-17T08:00:25Z" user="brianboru" uid="9065" lat="52.5878653" lon="-1.8235439"/>
 <node id="1869728710" visible="true" version="4" changeset="183960793" timestamp="2026-06-11T09:06:09Z" user="Casey_boy" uid="122844" lat="52.5879304" lon="-1.8312040"/>
 <node id="1869728712" visible="true" version="4" changeset="184014594" timestamp="2026-06-12T12:23:52Z" user="Casey_boy" uid="122844" lat="52.5881187" lon="-1.8306282"/>
 <node id="1869728714" visible="true" version="3" changeset="34677177" timestamp="2015-10-16T15:00:30Z" user="blackadder" uid="735" lat="52.5881037" lon="-1.8285830"/>
 <node id="1869728715" visible="true" version="5" changeset="183962289" timestamp="2026-06-11T09:43:01Z" user="Casey_boy" uid="122844" lat="52.5880725" lon="-1.8290773"/>
 <node id="1869728717" visible="true" version="2" changeset="183960793" timestamp="2026-06-11T09:06:09Z" user="Casey_boy" uid="122844" lat="52.5882471" lon="-1.8326033"/>
 <node id="1869728719" visible="true" version="5" changeset="183960793" timestamp="2026-06-11T09:06:09Z" user="Casey_boy" uid="122844" lat="52.5886642" lon="-1.8320966"/>
 <node id="1869728722" visible="true" version="1" changeset="12759176" timestamp="2012-08-17T08:00:23Z" user="brianboru" uid="9065" lat="52.5885414" lon="-1.8285253"/>
 <node id="1869728724" visible="true" version="2" changeset="183269529" timestamp="2026-05-27T18:19:33Z" user="Casey_boy" uid="122844" lat="52.5885351" lon="-1.8248734"/>
 <node id="1869728726" visible="true" version="1" changeset="12759176" timestamp="2012-08-17T08:00:23Z" user="brianboru" uid="9065" lat="52.5888284" lon="-1.8258243"/>
 <node id="1869728729" visible="true" version="2" changeset="183918705" timestamp="2026-06-10T11:24:18Z" user="Casey_boy" uid="122844" lat="52.5888984" lon="-1.8236293"/>
 <node id="1869728762" visible="true" version="2" changeset="183269529" timestamp="2026-05-27T18:19:33Z" user="Casey_boy" uid="122844" lat="52.5890967" lon="-1.8244624"/>
 <node id="1869728765" visible="true" version="1" changeset="12759176" timestamp="2012-08-17T08:00:24Z" user="brianboru" uid="9065" lat="52.5890986" lon="-1.8281177"/>
 <node id="1869728769" visible="true" version="1" changeset="12759176" timestamp="2012-08-17T08:00:24Z" user="brianboru" uid="9065" lat="52.5892661" lon="-1.8254641"/>
 <node id="1869728773" visible="true" version="1" changeset="12759176" timestamp="2012-08-17T08:00:24Z" user="brianboru" uid="9065" lat="52.5898351" lon="-1.8272093"/>
 <node id="1869933980" visible="true" version="1" changeset="12760620" timestamp="2012-08-17T10:15:33Z" user="brianboru" uid="9065" lat="52.5976411" lon="-1.8391672"/>
 <node id="1869933984" visible="true" version="2" changeset="182928787" timestamp="2026-05-20T13:34:12Z" user="Casey_boy" uid="122844" lat="52.5978396" lon="-1.8383543"/>
 <node id="1869933990" visible="true" version="3" changeset="182928787" timestamp="2026-05-20T13:34:12Z" user="Casey_boy" uid="122844" lat="52.5982731" lon="-1.8387563"/>
 <node id="1869933994" visible="true" version="2" changeset="182928787" timestamp="2026-05-20T13:34:12Z" user="Casey_boy" uid="122844" lat="52.5985738" lon="-1.8383887"/>
 <node id="1870973149" visible="true" version="1" changeset="12769969" timestamp="2012-08-18T07:31:23Z" user="brianboru" uid="9065" lat="52.5785668" lon="-1.8203730"/>
 <node id="1870973150" visible="true" version="1" changeset="12769969" timestamp="2012-08-18T07:31:23Z" user="brianboru" uid="9065" lat="52.5831732" lon="-1.8291359"/>
 <node id="1870973153" visible="true" version="1" changeset="12769969" timestamp="2012-08-18T07:31:23Z" user="brianboru" uid="9065" lat="52.5835363" lon="-1.8207235"/>
 <node id="1870973155" visible="true" version="2" changeset="184089238" timestamp="2026-06-14T10:59:41Z" user="Casey_boy" uid="122844" lat="52.5837518" lon="-1.8275476"/>
 <node id="1870973156" visible="true" version="1" changeset="12769969" timestamp="2012-08-18T07:31:23Z" user="brianboru" uid="9065" lat="52.5838089" lon="-1.8293885"/>
 <node id="1870973159" visible="true" version="2" changeset="184089238" timestamp="2026-06-14T10:59:41Z" user="Casey_boy" uid="122844" lat="52.5842886" lon="-1.8264210"/>
 <node id="1870973160" visible="true" version="2" changeset="184089238" timestamp="2026-06-14T10:59:41Z" user="Casey_boy" uid="122844" lat="52.5838919" lon="-1.8287570"/>
 <node id="1870973161" visible="true" version="3" changeset="184089238" timestamp="2026-06-14T10:59:41Z" user="Casey_boy" uid="122844" lat="52.5839198" lon="-1.8285715"/>
 <node id="1870973162" visible="true" version="1" changeset="12769969" timestamp="2012-08-18T07:31:23Z" user="brianboru" uid="9065" lat="52.5841441" lon="-1.8206087"/>
 <node id="1870973163" visible="true" version="4" changeset="184089238" timestamp="2026-06-14T10:59:41Z" user="Casey_boy" uid="122844" lat="52.5841879" lon="-1.8276888"/>
 <node id="1870973164" visible="true" version="3" changeset="184089238" timestamp="2026-06-14T10:59:41Z" user="Casey_boy" uid="122844" lat="52.5842147" lon="-1.8277352"/>
 <node id="1870973166" visible="true" version="3" changeset="184089238" timestamp="2026-06-14T10:59:41Z" user="Casey_boy" uid="122844" lat="52.5843263" lon="-1.8281125"/>
 <node id="1870973167" visible="true" version="3" changeset="184089238" timestamp="2026-06-14T10:59:41Z" user="Casey_boy" uid="122844" lat="52.5843961" lon="-1.8278894"/>
 <node id="1870973168" visible="true" version="4" changeset="184089238" timestamp="2026-06-14T10:59:41Z" user="Casey_boy" uid="122844" lat="52.5845705" lon="-1.8283813"/>
 <node id="1870973169" visible="true" version="3" changeset="184089238" timestamp="2026-06-14T10:59:41Z" user="Casey_boy" uid="122844" lat="52.5845658" lon="-1.8267522"/>
 <node id="1870973170" visible="true" version="1" changeset="12769969" timestamp="2012-08-18T07:31:23Z" user="brianboru" uid="9065" lat="52.5846001" lon="-1.8297742"/>
 <node id="1870973171" visible="true" version="4" changeset="184089238" timestamp="2026-06-14T10:59:41Z" user="Casey_boy" uid="122844" lat="52.5846348" lon="-1.8282004"/>
 <node id="1870973172" visible="true" version="3" changeset="184089238" timestamp="2026-06-14T10:59:41Z" user="Casey_boy" uid="122844" lat="52.5848739" lon="-1.8284051"/>
 <node id="1870973174" visible="true" version="3" changeset="184089238" timestamp="2026-06-14T10:59:41Z" user="Casey_boy" uid="122844" lat="52.5851943" lon="-1.8284433"/>
 <node id="1870973176" visible="true" version="3" changeset="184089238" timestamp="2026-06-14T10:59:41Z" user="Casey_boy" uid="122844" lat="52.5850173" lon="-1.8283879"/>
 <node id="1870973177" visible="true" version="3" changeset="184089238" timestamp="2026-06-14T10:59:41Z" user="Casey_boy" uid="122844" lat="52.5850429" lon="-1.8283109"/>
 <node id="1870973178" visible="true" version="1" changeset="12769969" timestamp="2012-08-18T07:31:24Z" user="brianboru" uid="9065" lat="52.5851545" lon="-1.8195930"/>
 <node id="1870973179" visible="true" version="2" changeset="184089238" timestamp="2026-06-14T10:59:41Z" user="Casey_boy" uid="122844" lat="52.5852428" lon="-1.8283003"/>
 <node id="1870973180" visible="true" version="1" changeset="12769969" timestamp="2012-08-18T07:31:24Z" user="brianboru" uid="9065" lat="52.5854030" lon="-1.8194941"/>
 <node id="1870973181" visible="true" version="1" changeset="12769969" timestamp="2012-08-18T07:31:24Z" user="brianboru" uid="9065" lat="52.5854358" lon="-1.8296310"/>
 <node id="1870973182" visible="true" version="1" changeset="12769969" timestamp="2012-08-18T07:31:24Z" user="brianboru" uid="9065" lat="52.5854460" lon="-1.8301965"/>
 <node id="1870973183" visible="true" version="2" changeset="184089238" timestamp="2026-06-14T10:59:41Z" user="Casey_boy" uid="122844" lat="52.5855843" lon="-1.8286262"/>
 <node id="1870973184" visible="true" version="1" changeset="12769969" timestamp="2012-08-18T07:31:24Z" user="brianboru" uid="9065" lat="52.5856106" lon="-1.8194409"/>
 <node id="1870973185" visible="true" version="1" changeset="12769969" timestamp="2012-08-18T07:31:24Z" user="brianboru" uid="9065" lat="52.5856121" lon="-1.8193620"/>
 <node id="1870973186" visible="true" version="1" changeset="12769969" timestamp="2012-08-18T07:31:24Z" user="brianboru" uid="9065" lat="52.5856146" lon="-1.8195276"/>
 <node id="1870973188" visible="true" version="1" changeset="12769969" timestamp="2012-08-18T07:31:24Z" user="brianboru" uid="9065" lat="52.5856317" lon="-1.8196282"/>
 <node id="1870973194" visible="true" version="3" changeset="35594447" timestamp="2015-11-26T16:15:48Z" user="blackadder" uid="735" lat="52.5858269" lon="-1.8199216"/>
 <node id="1870973195" visible="true" version="1" changeset="12769969" timestamp="2012-08-18T07:31:24Z" user="brianboru" uid="9065" lat="52.5858768" lon="-1.8298338"/>
 <node id="1870973196" visible="true" version="1" changeset="12769969" timestamp="2012-08-18T07:31:24Z" user="brianboru" uid="9065" lat="52.5859122" lon="-1.8203109"/>
 <node id="1870973197" visible="true" version="4" changeset="184089238" timestamp="2026-06-14T10:59:41Z" user="Casey_boy" uid="122844" lat="52.5860195" lon="-1.8274481"/>
 <node id="1870973198" visible="true" version="1" changeset="12769969" timestamp="2012-08-18T07:31:24Z" user="brianboru" uid="9065" lat="52.5860121" lon="-1.8208463"/>
 <node id="1870973199" visible="true" version="1" changeset="12769969" timestamp="2012-08-18T07:31:24Z" user="brianboru" uid="9065" lat="52.5861353" lon="-1.8306879"/>
 <node id="1870973200" visible="true" version="1" changeset="12769969" timestamp="2012-08-18T07:31:24Z" user="brianboru" uid="9065" lat="52.5861385" lon="-1.8205660"/>
 <node id="1870973202" visible="true" version="3" changeset="35594447" timestamp="2015-11-26T16:15:48Z" user="blackadder" uid="735" lat="52.5862585" lon="-1.8192900"/>
 <node id="1870973203" visible="true" version="2" changeset="183962289" timestamp="2026-06-11T09:43:01Z" user="Casey_boy" uid="122844" lat="52.5862657" lon="-1.8299078"/>
 <node id="1870973204" visible="true" version="2" changeset="35594447" timestamp="2015-11-26T16:15:48Z" user="blackadder" uid="735" lat="52.5863040" lon="-1.8189142"/>
 <node id="1870973206" visible="true" version="2" changeset="35594447" timestamp="2015-11-26T16:15:48Z" user="blackadder" uid="735" lat="52.5864442" lon="-1.8181001"/>
 <node id="1870973208" visible="true" version="1" changeset="12769969" timestamp="2012-08-18T07:31:25Z" user="brianboru" uid="9065" lat="52.5864752" lon="-1.8253797"/>
 <node id="1870973209" visible="true" version="1" changeset="12769969" timestamp="2012-08-18T07:31:25Z" user="brianboru" uid="9065" lat="52.5864757" lon="-1.8211957"/>
 <node id="1870973210" visible="true" version="1" changeset="12769969" timestamp="2012-08-18T07:31:25Z" user="brianboru" uid="9065" lat="52.5865213" lon="-1.8197700"/>
 <node id="1870973211" visible="true" version="1" changeset="12769969" timestamp="2012-08-18T07:31:25Z" user="brianboru" uid="9065" lat="52.5865861" lon="-1.8311002"/>
 <node id="1870973212" visible="true" version="2" changeset="35594447" timestamp="2015-11-26T16:15:48Z" user="blackadder" uid="735" lat="52.5866319" lon="-1.8196157"/>
 <node id="1870973213" visible="true" version="2" changeset="35594447" timestamp="2015-11-26T16:15:48Z" user="blackadder" uid="735" lat="52.5866225" lon="-1.8185299"/>
 <node id="1870973214" visible="true" version="2" changeset="183962289" timestamp="2026-06-11T09:43:01Z" user="Casey_boy" uid="122844" lat="52.5868537" lon="-1.8300539"/>
 <node id="1870973215" visible="true" version="1" changeset="12769969" timestamp="2012-08-18T07:31:25Z" user="brianboru" uid="9065" lat="52.5868820" lon="-1.8243936"/>
 <node id="1870973217" visible="true" version="1" changeset="12769969" timestamp="2012-08-18T07:31:25Z" user="brianboru" uid="9065" lat="52.5872256" lon="-1.8245914"/>
 <node id="1870973218" visible="true" version="2" changeset="13479097" timestamp="2012-10-13T13:33:47Z" user="brianboru" uid="9065" lat="52.5872581" lon="-1.8219813"/>
 <node id="1870973219" visible="true" version="1" changeset="12769969" timestamp="2012-08-18T07:31:25Z" user="brianboru" uid="9065" lat="52.5873815" lon="-1.8247175"/>
 <node id="1870973220" visible="true" version="1" changeset="12769969" timestamp="2012-08-18T07:31:25Z" user="brianboru" uid="9065" lat="52.5873872" lon="-1.8246482"/>
 <node id="1870973222" visible="true" version="1" changeset="12769969" timestamp="2012-08-18T07:31:26Z" user="brianboru" uid="9065" lat="52.5874648" lon="-1.8223584"/>
 <node id="1870973225" visible="true" version="2" changeset="13478946" timestamp="2012-10-13T13:21:22Z" user="brianboru" uid="9065" lat="52.5876768" lon="-1.8248109"/>
 <node id="1870973228" visible="true" version="1" changeset="12769969" timestamp="2012-08-18T07:31:26Z" user="brianboru" uid="9065" lat="52.5876481" lon="-1.8236065"/>
 <node id="1870973231" visible="true" version="1" changeset="12769969" timestamp="2012-08-18T07:31:26Z" user="brianboru" uid="9065" lat="52.5876906" lon="-1.8243621"/>
 <node id="1870973233" visible="true" version="1" changeset="12769969" timestamp="2012-08-18T07:31:26Z" user="brianboru" uid="9065" lat="52.5877246" lon="-1.8235692"/>
 <node id="1870973236" visible="true" version="4" changeset="183960793" timestamp="2026-06-11T09:06:09Z" user="Casey_boy" uid="122844" lat="52.5879446" lon="-1.8322699"/>
 <node id="1870979735" visible="true" version="2" changeset="18264289" timestamp="2013-10-09T13:02:52Z" user="blackadder" uid="735" lat="52.5762946" lon="-1.8233704"/>
 <node id="1870979736" visible="true" version="1" changeset="12770014" timestamp="2012-08-18T07:36:46Z" user="brianboru" uid="9065" lat="52.5771589" lon="-1.8205720"/>
 <node id="1870979737" visible="true" version="1" changeset="12770014" timestamp="2012-08-18T07:36:46Z" user="brianboru" uid="9065" lat="52.5773342" lon="-1.8252588"/>
 <node id="1870979739" visible="true" version="1" changeset="12770014" timestamp="2012-08-18T07:36:46Z" user="brianboru" uid="9065" lat="52.5777954" lon="-1.8204088"/>
 <node id="1870979741" visible="true" version="1" changeset="12770014" timestamp="2012-08-18T07:36:46Z" user="brianboru" uid="9065" lat="52.5780970" lon="-1.8263408"/>
 <node id="1870979743" visible="true" version="1" changeset="12770014" timestamp="2012-08-18T07:36:46Z" user="brianboru" uid="9065" lat="52.5781972" lon="-1.8264171"/>
 <node id="1870979745" visible="true" version="1" changeset="12770014" timestamp="2012-08-18T07:36:46Z" user="brianboru" uid="9065" lat="52.5786952" lon="-1.8265429"/>
 <node id="1870979746" visible="true" version="1" changeset="12770014" timestamp="2012-08-18T07:36:46Z" user="brianboru" uid="9065" lat="52.5787138" lon="-1.8266823"/>
 <node id="1870979765" visible="true" version="1" changeset="12770014" timestamp="2012-08-18T07:36:46Z" user="brianboru" uid="9065" lat="52.5812166" lon="-1.8282690"/>
 <node id="1870979767" visible="true" version="1" changeset="12770014" timestamp="2012-08-18T07:36:46Z" user="brianboru" uid="9065" lat="52.5813028" lon="-1.8283003"/>
 <node id="1870979769" visible="true" version="1" changeset="12770014" timestamp="2012-08-18T07:36:46Z" user="brianboru" uid="9065" lat="52.5813393" lon="-1.8283099"/>
 <node id="1870979771" visible="true" version="1" changeset="12770014" timestamp="2012-08-18T07:36:46Z" user="brianboru" uid="9065" lat="52.5813788" lon="-1.8286369"/>
 <node id="1870979772" visible="true" version="1" changeset="12770014" timestamp="2012-08-18T07:36:46Z" user="brianboru" uid="9065" lat="52.5816022" lon="-1.8287898"/>
 <node id="1870981714" visible="true" version="2" changeset="147175099" timestamp="2024-02-07T12:42:29Z" user="richardwallis1996" uid="15637950" lat="52.5754404" lon="-1.8214486"/>
 <node id="1870981715" visible="true" version="1" changeset="12770024" timestamp="2012-08-18T07:37:53Z" user="brianboru" uid="9065" lat="52.5763842" lon="-1.8209505"/>
 <node id="1930483542" visible="true" version="2" changeset="91039023" timestamp="2020-09-17T10:13:47Z" user="brianboru" uid="9065" lat="52.5981003" lon="-1.8309553"/>
 <node id="1930483582" visible="true" version="1" changeset="13233147" timestamp="2012-09-24T12:37:17Z" user="brianboru" uid="9065" lat="52.5989577" lon="-1.8395954"/>
 <node id="1930500798" visible="true" version="1" changeset="13233435" timestamp="2012-09-24T13:02:33Z" user="brianboru" uid="9065" lat="52.5974202" lon="-1.8309906"/>
 <node id="1930500799" visible="true" version="1" changeset="13233435" timestamp="2012-09-24T13:02:33Z" user="brianboru" uid="9065" lat="52.5974205" lon="-1.8309002"/>
 <node id="1942696458" visible="true" version="2" changeset="52257673" timestamp="2017-09-21T21:15:38Z" user="blackadder" uid="735" lat="52.5859137" lon="-1.8294188"/>
 <node id="1942696464" visible="true" version="2" changeset="34677177" timestamp="2015-10-16T15:00:30Z" user="blackadder" uid="735" lat="52.5860578" lon="-1.8294713"/>
 <node id="1942696470" visible="true" version="2" changeset="34677177" timestamp="2015-10-16T15:00:30Z" user="blackadder" uid="735" lat="52.5861708" lon="-1.8294989"/>
 <node id="1942696527" visible="true" version="3" changeset="183962781" timestamp="2026-06-11T09:54:52Z" user="Casey_boy" uid="122844" lat="52.5867757" lon="-1.8302645"/>
 <node id="1942696541" visible="true" version="3" changeset="183962781" timestamp="2026-06-11T09:54:52Z" user="Casey_boy" uid="122844" lat="52.5866887" lon="-1.8306482"/>
 <node id="1942696549" visible="true" version="4" changeset="183962781" timestamp="2026-06-11T09:54:52Z" user="Casey_boy" uid="122844" lat="52.5871826" lon="-1.8302441"/>
 <node id="1942696553" visible="true" version="3" changeset="183962781" timestamp="2026-06-11T09:54:52Z" user="Casey_boy" uid="122844" lat="52.5869655" lon="-1.8300842"/>
 <node id="1942696557" visible="true" version="3" changeset="183962781" timestamp="2026-06-11T09:54:52Z" user="Casey_boy" uid="122844" lat="52.5870576" lon="-1.8308653"/>
 <node id="1942696560" visible="true" version="4" changeset="183962781" timestamp="2026-06-11T09:54:52Z" user="Casey_boy" uid="122844" lat="52.5871440" lon="-1.8304908"/>
 <node id="1942696577" visible="true" version="2" changeset="34677177" timestamp="2015-10-16T15:00:30Z" user="blackadder" uid="735" lat="52.5871625" lon="-1.8288347"/>
 <node id="1942696582" visible="true" version="2" changeset="34677177" timestamp="2015-10-16T15:00:30Z" user="blackadder" uid="735" lat="52.5871877" lon="-1.8286197"/>
 <node id="1942696598" visible="true" version="3" changeset="183962781" timestamp="2026-06-11T09:54:52Z" user="Casey_boy" uid="122844" lat="52.5872601" lon="-1.8303677"/>
 <node id="1942696599" visible="true" version="3" changeset="183962781" timestamp="2026-06-11T09:54:52Z" user="Casey_boy" uid="122844" lat="52.5872691" lon="-1.8302645"/>
 <node id="1942696617" visible="true" version="2" changeset="34677177" timestamp="2015-10-16T15:00:30Z" user="blackadder" uid="735" lat="52.5873190" lon="-1.8277511"/>
 <node id="1942696626" visible="true" version="3" changeset="183962781" timestamp="2026-06-11T09:54:52Z" user="Casey_boy" uid="122844" lat="52.5873538" lon="-1.8303948"/>
 <node id="1942696628" visible="true" version="2" changeset="34677177" timestamp="2015-10-16T15:00:30Z" user="blackadder" uid="735" lat="52.5873532" lon="-1.8280020"/>
 <node id="1942696630" visible="true" version="3" changeset="183962781" timestamp="2026-06-11T09:54:52Z" user="Casey_boy" uid="122844" lat="52.5873640" lon="-1.8302891"/>
 <node id="1942696632" visible="true" version="2" changeset="34677177" timestamp="2015-10-16T15:00:30Z" user="blackadder" uid="735" lat="52.5873589" lon="-1.8288001"/>
 <node id="1942696634" visible="true" version="1" changeset="13334875" timestamp="2012-10-02T13:28:14Z" user="brianboru" uid="9065" lat="52.5873577" lon="-1.8314556"/>
 <node id="1942696636" visible="true" version="2" changeset="34677177" timestamp="2015-10-16T15:00:30Z" user="blackadder" uid="735" lat="52.5873732" lon="-1.8286784"/>
 <node id="1942696651" visible="true" version="3" changeset="55082836" timestamp="2018-01-01T18:20:55Z" user="blackadder" uid="735" lat="52.5873802" lon="-1.8313569"/>
 <node id="1942696654" visible="true" version="3" changeset="55082836" timestamp="2018-01-01T18:20:55Z" user="blackadder" uid="735" lat="52.5874012" lon="-1.8312690"/>
 <node id="1942696655" visible="true" version="3" changeset="55082836" timestamp="2018-01-01T18:20:55Z" user="blackadder" uid="735" lat="52.5874103" lon="-1.8312400"/>
 <node id="1942696659" visible="true" version="1" changeset="13334875" timestamp="2012-10-02T13:28:15Z" user="brianboru" uid="9065" lat="52.5874099" lon="-1.8303246"/>
 <node id="1942696660" visible="true" version="1" changeset="13334875" timestamp="2012-10-02T13:28:15Z" user="brianboru" uid="9065" lat="52.5874137" lon="-1.8305179"/>
 <node id="1942696661" visible="true" version="2" changeset="34677177" timestamp="2015-10-16T15:00:31Z" user="blackadder" uid="735" lat="52.5874232" lon="-1.8289173"/>
 <node id="1942696663" visible="true" version="2" changeset="34677177" timestamp="2015-10-16T15:00:31Z" user="blackadder" uid="735" lat="52.5874342" lon="-1.8288239"/>
 <node id="1942696664" visible="true" version="1" changeset="13334875" timestamp="2012-10-02T13:28:15Z" user="brianboru" uid="9065" lat="52.5874297" lon="-1.8305132"/>
 <node id="1942696665" visible="true" version="1" changeset="13334875" timestamp="2012-10-02T13:28:15Z" user="brianboru" uid="9065" lat="52.5874316" lon="-1.8305538"/>
 <node id="1942696668" visible="true" version="3" changeset="55082836" timestamp="2018-01-01T18:20:55Z" user="blackadder" uid="735" lat="52.5874389" lon="-1.8311080"/>
 <node id="1942696669" visible="true" version="2" changeset="47587539" timestamp="2017-04-09T08:43:20Z" user="wongataa" uid="133272" lat="52.5874648" lon="-1.8309888"/>
 <node id="1942696670" visible="true" version="1" changeset="13334875" timestamp="2012-10-02T13:28:15Z" user="brianboru" uid="9065" lat="52.5874733" lon="-1.8306644"/>
 <node id="1942696672" visible="true" version="1" changeset="13334875" timestamp="2012-10-02T13:28:15Z" user="brianboru" uid="9065" lat="52.5874752" lon="-1.8305506"/>
 <node id="1942696673" visible="true" version="2" changeset="47587539" timestamp="2017-04-09T08:43:20Z" user="wongataa" uid="133272" lat="52.5874851" lon="-1.8309008"/>
 <node id="1942696674" visible="true" version="2" changeset="47587539" timestamp="2017-04-09T08:43:20Z" user="wongataa" uid="133272" lat="52.5875086" lon="-1.8307992"/>
 <node id="1942696675" visible="true" version="1" changeset="13334875" timestamp="2012-10-02T13:28:15Z" user="brianboru" uid="9065" lat="52.5875330" lon="-1.8306753"/>
 <node id="1942696676" visible="true" version="1" changeset="13334875" timestamp="2012-10-02T13:28:15Z" user="brianboru" uid="9065" lat="52.5875472" lon="-1.8304992"/>
 <node id="1942696678" visible="true" version="1" changeset="13334875" timestamp="2012-10-02T13:28:16Z" user="brianboru" uid="9065" lat="52.5875481" lon="-1.8303293"/>
 <node id="1942696679" visible="true" version="3" changeset="34678362" timestamp="2015-10-16T16:01:55Z" user="blackadder" uid="735" lat="52.5875886" lon="-1.8283092"/>
 <node id="1942696680" visible="true" version="2" changeset="34677177" timestamp="2015-10-16T15:00:31Z" user="blackadder" uid="735" lat="52.5875860" lon="-1.8284666"/>
 <node id="1942696681" visible="true" version="2" changeset="34677177" timestamp="2015-10-16T15:00:31Z" user="blackadder" uid="735" lat="52.5875874" lon="-1.8287729"/>
 <node id="1942696682" visible="true" version="2" changeset="34677177" timestamp="2015-10-16T15:00:31Z" user="blackadder" uid="735" lat="52.5875899" lon="-1.8289908"/>
 <node id="1942696683" visible="true" version="3" changeset="34678362" timestamp="2015-10-16T16:01:55Z" user="blackadder" uid="735" lat="52.5876041" lon="-1.8279966"/>
 <node id="1942696686" visible="true" version="2" changeset="183269529" timestamp="2026-05-27T18:19:33Z" user="Casey_boy" uid="122844" lat="52.5876706" lon="-1.8269937"/>
 <node id="1942696688" visible="true" version="2" changeset="34677177" timestamp="2015-10-16T15:00:31Z" user="blackadder" uid="735" lat="52.5876744" lon="-1.8287509"/>
 <node id="1942696690" visible="true" version="2" changeset="34677177" timestamp="2015-10-16T15:00:31Z" user="blackadder" uid="735" lat="52.5876771" lon="-1.8286693"/>
 <node id="1942696697" visible="true" version="3" changeset="34678362" timestamp="2015-10-16T16:01:55Z" user="blackadder" uid="735" lat="52.5877519" lon="-1.8283311"/>
 <node id="1942696699" visible="true" version="3" changeset="34678362" timestamp="2015-10-16T16:01:55Z" user="blackadder" uid="735" lat="52.5877674" lon="-1.8280185"/>
 <node id="1942696702" visible="true" version="2" changeset="34677177" timestamp="2015-10-16T15:00:31Z" user="blackadder" uid="735" lat="52.5877908" lon="-1.8286635"/>
 <node id="1942696704" visible="true" version="2" changeset="34677177" timestamp="2015-10-16T15:00:31Z" user="blackadder" uid="735" lat="52.5877975" lon="-1.8287152"/>
 <node id="1942696705" visible="true" version="2" changeset="34677177" timestamp="2015-10-16T15:00:31Z" user="blackadder" uid="735" lat="52.5878043" lon="-1.8284732"/>
 <node id="1942696706" visible="true" version="2" changeset="34677177" timestamp="2015-10-16T15:00:31Z" user="blackadder" uid="735" lat="52.5878056" lon="-1.8286627"/>
 <node id="1942696709" visible="true" version="2" changeset="34677177" timestamp="2015-10-16T15:00:31Z" user="blackadder" uid="735" lat="52.5878377" lon="-1.8286579"/>
 <node id="1942696710" visible="true" version="2" changeset="34677177" timestamp="2015-10-16T15:00:31Z" user="blackadder" uid="735" lat="52.5878403" lon="-1.8286050"/>
 <node id="1942696714" visible="true" version="2" changeset="34677177" timestamp="2015-10-16T15:00:31Z" user="blackadder" uid="735" lat="52.5878765" lon="-1.8286050"/>
 <node id="1942696719" visible="true" version="2" changeset="34677177" timestamp="2015-10-16T15:00:31Z" user="blackadder" uid="735" lat="52.5879019" lon="-1.8289092"/>
 <node id="1942696721" visible="true" version="4" changeset="183962289" timestamp="2026-06-11T09:43:01Z" user="Casey_boy" uid="122844" lat="52.5879249" lon="-1.8290027"/>
 <node id="1942696723" visible="true" version="3" changeset="183962289" timestamp="2026-06-11T09:43:01Z" user="Casey_boy" uid="122844" lat="52.5879450" lon="-1.8285823"/>
 <node id="1942696725" visible="true" version="3" changeset="183962289" timestamp="2026-06-11T09:43:01Z" user="Casey_boy" uid="122844" lat="52.5879562" lon="-1.8280620"/>
 <node id="1942696726" visible="true" version="4" changeset="183962289" timestamp="2026-06-11T09:43:01Z" user="Casey_boy" uid="122844" lat="52.5879658" lon="-1.8294112"/>
 <node id="1942696727" visible="true" version="3" changeset="183962289" timestamp="2026-06-11T09:43:01Z" user="Casey_boy" uid="122844" lat="52.5879667" lon="-1.8301704"/>
 <node id="1942696728" visible="true" version="3" changeset="183962289" timestamp="2026-06-11T09:43:01Z" user="Casey_boy" uid="122844" lat="52.5879721" lon="-1.8302029"/>
 <node id="1942696729" visible="true" version="3" changeset="183962289" timestamp="2026-06-11T09:43:01Z" user="Casey_boy" uid="122844" lat="52.5879811" lon="-1.8299371"/>
 <node id="1942696733" visible="true" version="3" changeset="183962289" timestamp="2026-06-11T09:43:01Z" user="Casey_boy" uid="122844" lat="52.5879951" lon="-1.8299129"/>
 <node id="1942696735" visible="true" version="2" changeset="55082836" timestamp="2018-01-01T18:20:56Z" user="blackadder" uid="735" lat="52.5879944" lon="-1.8302370"/>
 <node id="1942696738" visible="true" version="2" changeset="55082836" timestamp="2018-01-01T18:20:56Z" user="blackadder" uid="735" lat="52.5879963" lon="-1.8302121"/>
 <node id="1942696739" visible="true" version="2" changeset="34677177" timestamp="2015-10-16T15:00:31Z" user="blackadder" uid="735" lat="52.5880078" lon="-1.8286093"/>
 <node id="1942696742" visible="true" version="2" changeset="34677177" timestamp="2015-10-16T15:00:31Z" user="blackadder" uid="735" lat="52.5880208" lon="-1.8287375"/>
 <node id="1942696744" visible="true" version="2" changeset="55082836" timestamp="2018-01-01T18:20:56Z" user="blackadder" uid="735" lat="52.5880254" lon="-1.8302512"/>
 <node id="1942696745" visible="true" version="4" changeset="183962289" timestamp="2026-06-11T09:43:01Z" user="Casey_boy" uid="122844" lat="52.5880617" lon="-1.8289657"/>
 <node id="1942696748" visible="true" version="2" changeset="34677177" timestamp="2015-10-16T15:00:31Z" user="blackadder" uid="735" lat="52.5880694" lon="-1.8287242"/>
 <node id="1942696749" visible="true" version="2" changeset="183269529" timestamp="2026-05-27T18:19:33Z" user="Casey_boy" uid="122844" lat="52.5880816" lon="-1.8270503"/>
 <node id="1942696751" visible="true" version="4" changeset="183962289" timestamp="2026-06-11T09:43:01Z" user="Casey_boy" uid="122844" lat="52.5881025" lon="-1.8293741"/>
 <node id="1942696752" visible="true" version="2" changeset="34677177" timestamp="2015-10-16T15:00:31Z" user="blackadder" uid="735" lat="52.5880931" lon="-1.8289583"/>
 <node id="1942696753" visible="true" version="2" changeset="183269529" timestamp="2026-05-27T18:19:33Z" user="Casey_boy" uid="122844" lat="52.5881022" lon="-1.8265259"/>
 <node id="1942696754" visible="true" version="3" changeset="183962289" timestamp="2026-06-11T09:43:01Z" user="Casey_boy" uid="122844" lat="52.5881263" lon="-1.8302826"/>
 <node id="1942696756" visible="true" version="2" changeset="34677177" timestamp="2015-10-16T15:00:31Z" user="blackadder" uid="735" lat="52.5881164" lon="-1.8289519"/>
 <node id="1942696758" visible="true" version="3" changeset="183962289" timestamp="2026-06-11T09:43:01Z" user="Casey_boy" uid="122844" lat="52.5881500" lon="-1.8299255"/>
 <node id="1942696760" visible="true" version="2" changeset="55082836" timestamp="2018-01-01T18:20:56Z" user="blackadder" uid="735" lat="52.5881344" lon="-1.8303117"/>
 <node id="1942696761" visible="true" version="2" changeset="34677177" timestamp="2015-10-16T15:00:31Z" user="blackadder" uid="735" lat="52.5881403" lon="-1.8289454"/>
 <node id="1942696763" visible="true" version="3" changeset="183962289" timestamp="2026-06-11T09:43:01Z" user="Casey_boy" uid="122844" lat="52.5881348" lon="-1.8296746"/>
 <node id="1942696764" visible="true" version="2" changeset="55082836" timestamp="2018-01-01T18:20:56Z" user="blackadder" uid="735" lat="52.5881520" lon="-1.8290586"/>
 <node id="1942696765" visible="true" version="2" changeset="55082836" timestamp="2018-01-01T18:20:56Z" user="blackadder" uid="735" lat="52.5881747" lon="-1.8301480"/>
 <node id="1942696766" visible="true" version="2" changeset="183962289" timestamp="2026-06-11T09:43:01Z" user="Casey_boy" uid="122844" lat="52.5881937" lon="-1.8301102"/>
 <node id="1942696767" visible="true" version="2" changeset="183962289" timestamp="2026-06-11T09:43:01Z" user="Casey_boy" uid="122844" lat="52.5882077" lon="-1.8298312"/>
 <node id="1942696770" visible="true" version="2" changeset="183269529" timestamp="2026-05-27T18:19:33Z" user="Casey_boy" uid="122844" lat="52.5882415" lon="-1.8263768"/>
 <node id="1942696789" visible="true" version="2" changeset="183269529" timestamp="2026-05-27T18:19:33Z" user="Casey_boy" uid="122844" lat="52.5885185" lon="-1.8264125"/>
 <node id="1942696790" visible="true" version="3" changeset="183962289" timestamp="2026-06-11T09:43:01Z" user="Casey_boy" uid="122844" lat="52.5885515" lon="-1.8301738"/>
 <node id="1942696792" visible="true" version="1" changeset="13334875" timestamp="2012-10-02T13:28:19Z" user="brianboru" uid="9065" lat="52.5885317" lon="-1.8261812"/>
 <node id="1942696794" visible="true" version="1" changeset="13334875" timestamp="2012-10-02T13:28:19Z" user="brianboru" uid="9065" lat="52.5888531" lon="-1.8259123"/>
 <node id="1942696797" visible="true" version="2" changeset="183918705" timestamp="2026-06-10T11:24:18Z" user="Casey_boy" uid="122844" lat="52.5890315" lon="-1.8242563"/>
 <node id="1942696798" visible="true" version="2" changeset="183269529" timestamp="2026-05-27T18:19:33Z" user="Casey_boy" uid="122844" lat="52.5890202" lon="-1.8245177"/>
 <node id="1951122370" visible="true" version="1" changeset="13401547" timestamp="2012-10-07T17:22:41Z" user="brianboru" uid="9065" lat="52.5922865" lon="-1.8334902"/>
 <node id="1951122372" visible="true" version="2" changeset="13533514" timestamp="2012-10-17T15:41:12Z" user="brianboru" uid="9065" lat="52.5924652" lon="-1.8341337"/>
 <node id="1951122374" visible="true" version="3" changeset="89358163" timestamp="2020-08-13T12:52:44Z" user="brianboru" uid="9065" lat="52.5925539" lon="-1.8336332"/>
 <node id="1952215013" visible="true" version="2" changeset="34677177" timestamp="2015-10-16T15:00:31Z" user="blackadder" uid="735" lat="52.5875932" lon="-1.8290680"/>
 <node id="1952215014" visible="true" version="2" changeset="34677177" timestamp="2015-10-16T15:00:31Z" user="blackadder" uid="735" lat="52.5875947" lon="-1.8291475"/>
 <node id="1952215015" visible="true" version="2" changeset="34677177" timestamp="2015-10-16T15:00:31Z" user="blackadder" uid="735" lat="52.5875962" lon="-1.8292192"/>
 <node id="1952215016" visible="true" version="2" changeset="34677177" timestamp="2015-10-16T15:00:31Z" user="blackadder" uid="735" lat="52.5875980" lon="-1.8293099"/>
 <node id="1952215017" visible="true" version="2" changeset="34677177" timestamp="2015-10-16T15:00:31Z" user="blackadder" uid="735" lat="52.5876000" lon="-1.8294113"/>
 <node id="1952215018" visible="true" version="2" changeset="34677177" timestamp="2015-10-16T15:00:31Z" user="blackadder" uid="735" lat="52.5876026" lon="-1.8295404"/>
 <node id="1952215019" visible="true" version="3" changeset="55082836" timestamp="2018-01-01T18:20:56Z" user="blackadder" uid="735" lat="52.5876046" lon="-1.8295681"/>
 <node id="1952215020" visible="true" version="3" changeset="55082836" timestamp="2018-01-01T18:20:56Z" user="blackadder" uid="735" lat="52.5876082" lon="-1.8298106"/>
 <node id="1952215027" visible="true" version="3" changeset="55082836" timestamp="2018-01-01T18:20:56Z" user="blackadder" uid="735" lat="52.5876928" lon="-1.8295634"/>
 <node id="1952215029" visible="true" version="2" changeset="34677177" timestamp="2015-10-16T15:00:31Z" user="blackadder" uid="735" lat="52.5876914" lon="-1.8290627"/>
 <node id="1952215031" visible="true" version="2" changeset="34677177" timestamp="2015-10-16T15:00:31Z" user="blackadder" uid="735" lat="52.5876921" lon="-1.8290985"/>
 <node id="1952215032" visible="true" version="2" changeset="55082836" timestamp="2018-01-01T18:20:56Z" user="blackadder" uid="735" lat="52.5876918" lon="-1.8296209"/>
 <node id="1952215034" visible="true" version="2" changeset="34677177" timestamp="2015-10-16T15:00:32Z" user="blackadder" uid="735" lat="52.5876933" lon="-1.8291890"/>
 <node id="1952215036" visible="true" version="2" changeset="34677177" timestamp="2015-10-16T15:00:32Z" user="blackadder" uid="735" lat="52.5876938" lon="-1.8292139"/>
 <node id="1952215037" visible="true" version="2" changeset="34677177" timestamp="2015-10-16T15:00:32Z" user="blackadder" uid="735" lat="52.5876944" lon="-1.8292452"/>
 <node id="1952215039" visible="true" version="2" changeset="55082836" timestamp="2018-01-01T18:20:56Z" user="blackadder" uid="735" lat="52.5876957" lon="-1.8298399"/>
 <node id="1952215041" visible="true" version="2" changeset="34677177" timestamp="2015-10-16T15:00:32Z" user="blackadder" uid="735" lat="52.5876981" lon="-1.8294815"/>
 <node id="1952215042" visible="true" version="2" changeset="34677177" timestamp="2015-10-16T15:00:32Z" user="blackadder" uid="735" lat="52.5876992" lon="-1.8295352"/>
 <node id="1952215044" visible="true" version="2" changeset="34677177" timestamp="2015-10-16T15:00:32Z" user="blackadder" uid="735" lat="52.5877005" lon="-1.8293044"/>
 <node id="1952215046" visible="true" version="2" changeset="34677177" timestamp="2015-10-16T15:00:32Z" user="blackadder" uid="735" lat="52.5877015" lon="-1.8293548"/>
 <node id="1952215049" visible="true" version="2" changeset="55082836" timestamp="2018-01-01T18:20:56Z" user="blackadder" uid="735" lat="52.5877271" lon="-1.8296138"/>
 <node id="1952215051" visible="true" version="2" changeset="55082836" timestamp="2018-01-01T18:20:56Z" user="blackadder" uid="735" lat="52.5877332" lon="-1.8296961"/>
 <node id="1952215052" visible="true" version="2" changeset="55082836" timestamp="2018-01-01T18:20:56Z" user="blackadder" uid="735" lat="52.5877484" lon="-1.8296930"/>
 <node id="1952215054" visible="true" version="2" changeset="55082836" timestamp="2018-01-01T18:20:56Z" user="blackadder" uid="735" lat="52.5877588" lon="-1.8298321"/>
 <node id="1952215056" visible="true" version="2" changeset="34677177" timestamp="2015-10-16T15:00:32Z" user="blackadder" uid="735" lat="52.5877623" lon="-1.8293516"/>
 <node id="1952215057" visible="true" version="2" changeset="55082836" timestamp="2018-01-01T18:20:56Z" user="blackadder" uid="735" lat="52.5877623" lon="-1.8295831"/>
 <node id="1952215060" visible="true" version="2" changeset="34677177" timestamp="2015-10-16T15:00:32Z" user="blackadder" uid="735" lat="52.5877634" lon="-1.8294025"/>
 <node id="1952215062" visible="true" version="2" changeset="55082836" timestamp="2018-01-01T18:20:57Z" user="blackadder" uid="735" lat="52.5877702" lon="-1.8296886"/>
 <node id="1952215064" visible="true" version="2" changeset="34677177" timestamp="2015-10-16T15:00:32Z" user="blackadder" uid="735" lat="52.5877736" lon="-1.8294019"/>
 <node id="1952215065" visible="true" version="2" changeset="34677177" timestamp="2015-10-16T15:00:32Z" user="blackadder" uid="735" lat="52.5877751" lon="-1.8294773"/>
 <node id="1952215067" visible="true" version="2" changeset="34677177" timestamp="2015-10-16T15:00:32Z" user="blackadder" uid="735" lat="52.5877503" lon="-1.8292432"/>
 <node id="1952215069" visible="true" version="2" changeset="34677177" timestamp="2015-10-16T15:00:32Z" user="blackadder" uid="735" lat="52.5877515" lon="-1.8293027"/>
 <node id="1952215071" visible="true" version="1" changeset="13408802" timestamp="2012-10-08T07:54:47Z" user="brianboru" uid="9065" lat="52.5877948" lon="-1.8294537"/>
 <node id="1952215072" visible="true" version="2" changeset="55082836" timestamp="2018-01-01T18:20:57Z" user="blackadder" uid="735" lat="52.5877930" lon="-1.8295770"/>
 <node id="1952215074" visible="true" version="2" changeset="34677177" timestamp="2015-10-16T15:00:32Z" user="blackadder" uid="735" lat="52.5877439" lon="-1.8290976"/>
 <node id="1952215076" visible="true" version="2" changeset="34677177" timestamp="2015-10-16T15:00:32Z" user="blackadder" uid="735" lat="52.5877448" lon="-1.8291413"/>
 <node id="1952215077" visible="true" version="2" changeset="34677177" timestamp="2015-10-16T15:00:32Z" user="blackadder" uid="735" lat="52.5877457" lon="-1.8291881"/>
 <node id="1952215079" visible="true" version="1" changeset="13408802" timestamp="2012-10-08T07:54:47Z" user="brianboru" uid="9065" lat="52.5878114" lon="-1.8296398"/>
 <node id="1952215081" visible="true" version="1" changeset="13408802" timestamp="2012-10-08T07:54:47Z" user="brianboru" uid="9065" lat="52.5878137" lon="-1.8293896"/>
 <node id="1952215082" visible="true" version="2" changeset="55082836" timestamp="2018-01-01T18:20:57Z" user="blackadder" uid="735" lat="52.5878111" lon="-1.8298216"/>
 <node id="1952215084" visible="true" version="1" changeset="13408802" timestamp="2012-10-08T07:54:47Z" user="brianboru" uid="9065" lat="52.5878189" lon="-1.8294478"/>
 <node id="1952215086" visible="true" version="1" changeset="13408802" timestamp="2012-10-08T07:54:47Z" user="brianboru" uid="9065" lat="52.5878336" lon="-1.8292705"/>
 <node id="1952215087" visible="true" version="1" changeset="13408802" timestamp="2012-10-08T07:54:47Z" user="brianboru" uid="9065" lat="52.5878436" lon="-1.8293824"/>
 <node id="1952215089" visible="true" version="1" changeset="13408802" timestamp="2012-10-08T07:54:47Z" user="brianboru" uid="9065" lat="52.5878777" lon="-1.8292598"/>
 <node id="1952215091" visible="true" version="1" changeset="13408802" timestamp="2012-10-08T07:54:47Z" user="brianboru" uid="9065" lat="52.5878870" lon="-1.8293632"/>
 <node id="1952215092" visible="true" version="1" changeset="13408802" timestamp="2012-10-08T07:54:47Z" user="brianboru" uid="9065" lat="52.5879096" lon="-1.8296160"/>
 <node id="1952215099" visible="true" version="2" changeset="55082836" timestamp="2018-01-01T18:20:57Z" user="blackadder" uid="735" lat="52.5879197" lon="-1.8297521"/>
 <node id="1952215100" visible="true" version="1" changeset="13408802" timestamp="2012-10-08T07:54:48Z" user="brianboru" uid="9065" lat="52.5879318" lon="-1.8293523"/>
 <node id="1952215102" visible="true" version="1" changeset="13408802" timestamp="2012-10-08T07:54:48Z" user="brianboru" uid="9065" lat="52.5879447" lon="-1.8294961"/>
 <node id="1952215103" visible="true" version="1" changeset="13408802" timestamp="2012-10-08T07:54:48Z" user="brianboru" uid="9065" lat="52.5879733" lon="-1.8294891"/>
 <node id="1952215104" visible="true" version="2" changeset="55082836" timestamp="2018-01-01T18:20:57Z" user="blackadder" uid="735" lat="52.5879931" lon="-1.8297276"/>
 <node id="1952215106" visible="true" version="2" changeset="55082836" timestamp="2018-01-01T18:20:57Z" user="blackadder" uid="735" lat="52.5880020" lon="-1.8309902"/>
 <node id="1952215108" visible="true" version="2" changeset="55082836" timestamp="2018-01-01T18:20:57Z" user="blackadder" uid="735" lat="52.5880661" lon="-1.8307869"/>
 <node id="1952215134" visible="true" version="2" changeset="55082836" timestamp="2018-01-01T18:20:57Z" user="blackadder" uid="735" lat="52.5881947" lon="-1.8294636"/>
 <node id="1952215140" visible="true" version="2" changeset="55082836" timestamp="2018-01-01T18:20:57Z" user="blackadder" uid="735" lat="52.5882080" lon="-1.8295913"/>
 <node id="1952230153" visible="true" version="1" changeset="13408855" timestamp="2012-10-08T07:59:44Z" user="brianboru" uid="9065" lat="52.5882605" lon="-1.8286190"/>
 <node id="1952521471" visible="true" version="1" changeset="13412368" timestamp="2012-10-08T13:04:38Z" user="brianboru" uid="9065" lat="52.5872006" lon="-1.8161966"/>
 <node id="1952521478" visible="true" version="1" changeset="13412368" timestamp="2012-10-08T13:04:38Z" user="brianboru" uid="9065" lat="52.5875819" lon="-1.8166155"/>
 <node id="1952544556" visible="true" version="1" changeset="13412649" timestamp="2012-10-08T13:26:44Z" user="brianboru" uid="9065" lat="52.5856819" lon="-1.8197852"/>
 <node id="1952544557" visible="true" version="1" changeset="13412649" timestamp="2012-10-08T13:26:44Z" user="brianboru" uid="9065" lat="52.5859335" lon="-1.8201854"/>
 <node id="1952565863" visible="true" version="2" changeset="183959417" timestamp="2026-06-11T08:36:46Z" user="Casey_boy" uid="122844" lat="52.5873106" lon="-1.8176648"/>
 <node id="1952565955" visible="true" version="2" changeset="183959417" timestamp="2026-06-11T08:36:46Z" user="Casey_boy" uid="122844" lat="52.5875251" lon="-1.8180188"/>
 <node id="1952566002" visible="true" version="2" changeset="183959417" timestamp="2026-06-11T08:36:46Z" user="Casey_boy" uid="122844" lat="52.5877322" lon="-1.8168922"/>
 <node id="1952566003" visible="true" version="3" changeset="183959417" timestamp="2026-06-11T08:36:46Z" user="Casey_boy" uid="122844" lat="52.5878745" lon="-1.8172868"/>
 <node id="1952584642" visible="true" version="3" changeset="184186028" timestamp="2026-06-16T14:51:12Z" user="Casey_boy" uid="122844" lat="52.5919323" lon="-1.8203431"/>
 <node id="1954986957" visible="true" version="2" changeset="52257673" timestamp="2017-09-21T21:15:38Z" user="blackadder" uid="735" lat="52.5819220" lon="-1.8288674"/>
 <node id="1954986959" visible="true" version="2" changeset="52257673" timestamp="2017-09-21T21:15:38Z" user="blackadder" uid="735" lat="52.5820064" lon="-1.8288729"/>
 <node id="1954998572" visible="true" version="2" changeset="184089238" timestamp="2026-06-14T10:59:41Z" user="Casey_boy" uid="122844" lat="52.5849608" lon="-1.8284389"/>
 <node id="1955015846" visible="true" version="2" changeset="13436877" timestamp="2012-10-10T06:54:19Z" user="brianboru" uid="9065" lat="52.5839471" lon="-1.8206806"/>
 <node id="1955016214" visible="true" version="1" changeset="13428380" timestamp="2012-10-09T15:13:03Z" user="brianboru" uid="9065" lat="52.5885779" lon="-1.8261425"/>
 <node id="1955016217" visible="true" version="1" changeset="13428380" timestamp="2012-10-09T15:13:03Z" user="brianboru" uid="9065" lat="52.5888263" lon="-1.8259347"/>
 <node id="1955032007" visible="true" version="1" changeset="13428588" timestamp="2012-10-09T15:26:31Z" user="brianboru" uid="9065" lat="52.5885745" lon="-1.8250051"/>
 <node id="1955032008" visible="true" version="1" changeset="13428588" timestamp="2012-10-09T15:26:31Z" user="brianboru" uid="9065" lat="52.5886088" lon="-1.8251251"/>
 <node id="1955168497" visible="true" version="2" changeset="183918705" timestamp="2026-06-10T11:24:18Z" user="Casey_boy" uid="122844" lat="52.5889182" lon="-1.8237987"/>
 <node id="1955168499" visible="true" version="2" changeset="183918705" timestamp="2026-06-10T11:24:18Z" user="Casey_boy" uid="122844" lat="52.5889444" lon="-1.8239146"/>
 <node id="1955168545" visible="true" version="1" changeset="13429215" timestamp="2012-10-09T16:15:33Z" user="brianboru" uid="9065" lat="52.5893269" lon="-1.8256583"/>
 <node id="1955168548" visible="true" version="1" changeset="13429215" timestamp="2012-10-09T16:15:33Z" user="brianboru" uid="9065" lat="52.5893570" lon="-1.8257358"/>
 <node id="1956360365" visible="true" version="2" changeset="35594447" timestamp="2015-11-26T16:15:50Z" user="blackadder" uid="735" lat="52.5865441" lon="-1.8178181"/>
 <node id="1956360377" visible="true" version="1" changeset="13438443" timestamp="2012-10-10T09:38:30Z" user="brianboru" uid="9065" lat="52.5866369" lon="-1.8177284"/>
 <node id="1956360382" visible="true" version="1" changeset="13438443" timestamp="2012-10-10T09:38:30Z" user="brianboru" uid="9065" lat="52.5866731" lon="-1.8175984"/>
 <node id="1956360403" visible="true" version="1" changeset="13438443" timestamp="2012-10-10T09:38:30Z" user="brianboru" uid="9065" lat="52.5867730" lon="-1.8171897"/>
 <node id="1960783304" visible="true" version="2" changeset="183959417" timestamp="2026-06-11T08:36:46Z" user="Casey_boy" uid="122844" lat="52.5874470" lon="-1.8173677"/>
 <node id="1962550995" visible="true" version="1" changeset="13478946" timestamp="2012-10-13T13:20:51Z" user="brianboru" uid="9065" lat="52.5874852" lon="-1.8247553"/>
 <node id="1962551057" visible="true" version="1" changeset="13478946" timestamp="2012-10-13T13:20:53Z" user="brianboru" uid="9065" lat="52.5876344" lon="-1.8248005"/>
 <node id="1962551087" visible="true" version="1" changeset="13478946" timestamp="2012-10-13T13:20:54Z" user="brianboru" uid="9065" lat="52.5876949" lon="-1.8245806"/>
 <node id="1962551160" visible="true" version="2" changeset="13479306" timestamp="2012-10-13T13:56:24Z" user="brianboru" uid="9065" lat="52.5881734" lon="-1.8180648"/>
 <node id="1962551161" visible="true" version="1" changeset="13478946" timestamp="2012-10-13T13:20:58Z" user="brianboru" uid="9065" lat="52.5890305" lon="-1.8197477"/>
 <node id="1962551162" visible="true" version="1" changeset="13478946" timestamp="2012-10-13T13:20:58Z" user="brianboru" uid="9065" lat="52.5893638" lon="-1.8201817"/>
 <node id="1962572174" visible="true" version="2" changeset="148395490" timestamp="2024-03-08T17:54:25Z" user="blackadder" uid="735" lat="52.5878610" lon="-1.8235393"/>
 <node id="1962572188" visible="true" version="1" changeset="13479160" timestamp="2012-10-13T13:39:19Z" user="brianboru" uid="9065" lat="52.5879200" lon="-1.8235413"/>
 <node id="1962572225" visible="true" version="1" changeset="13479160" timestamp="2012-10-13T13:39:19Z" user="brianboru" uid="9065" lat="52.5880021" lon="-1.8235359"/>
 <node id="1962590716" visible="true" version="1" changeset="13479306" timestamp="2012-10-13T13:56:18Z" user="brianboru" uid="9065" lat="52.5881983" lon="-1.8180516"/>
 <node id="1962590734" visible="true" version="2" changeset="183959244" timestamp="2026-06-11T08:32:49Z" user="Casey_boy" uid="122844" lat="52.5885373" lon="-1.8187338"/>
 <node id="1963079107" visible="true" version="2" changeset="55082836" timestamp="2018-01-01T18:20:59Z" user="blackadder" uid="735" lat="52.5896929" lon="-1.8300180"/>
 <node id="1964218351" visible="true" version="1" changeset="13489857" timestamp="2012-10-14T10:03:05Z" user="brianboru" uid="9065" lat="52.5896328" lon="-1.8203588"/>
 <node id="1964218385" visible="true" version="1" changeset="13489857" timestamp="2012-10-14T10:03:07Z" user="brianboru" uid="9065" lat="52.5899569" lon="-1.8204930"/>
 <node id="1965402402" visible="true" version="1" changeset="13497311" timestamp="2012-10-14T19:22:58Z" user="brianboru" uid="9065" lat="52.5914565" lon="-1.8203962"/>
 <node id="1969956345" visible="true" version="2" changeset="44811485" timestamp="2016-12-31T17:53:18Z" user="rskedgell" uid="3951648" lat="52.5920006" lon="-1.8345063"/>
 <node id="1969956353" visible="true" version="2" changeset="13533514" timestamp="2012-10-17T15:41:12Z" user="brianboru" uid="9065" lat="52.5922468" lon="-1.8334706"/>
 <node id="1969956358" visible="true" version="2" changeset="44811485" timestamp="2016-12-31T17:53:18Z" user="rskedgell" uid="3951648" lat="52.5924412" lon="-1.8348870"/>
 <node id="1969956371" visible="true" version="1" changeset="13532849" timestamp="2012-10-17T14:42:02Z" user="brianboru" uid="9065" lat="52.5924826" lon="-1.8344043"/>
 <node id="1969956373" visible="true" version="2" changeset="89358163" timestamp="2020-08-13T12:52:44Z" user="brianboru" uid="9065" lat="52.5925516" lon="-1.8344704"/>
 <node id="1970026770" visible="true" version="1" changeset="13533514" timestamp="2012-10-17T15:40:59Z" user="brianboru" uid="9065" lat="52.5925240" lon="-1.8341709"/>
 <node id="1970056432" visible="true" version="2" changeset="183604524" timestamp="2026-06-03T16:53:22Z" user="Casey_boy" uid="122844" lat="52.5928048" lon="-1.8352256"/>
 <node id="1970056440" visible="true" version="2" changeset="183604524" timestamp="2026-06-03T16:53:22Z" user="Casey_boy" uid="122844" lat="52.5925041" lon="-1.8349498"/>
 <node id="1970056444" visible="true" version="2" changeset="183604524" timestamp="2026-06-03T16:53:22Z" user="Casey_boy" uid="122844" lat="52.5926603" lon="-1.8345063"/>
 <node id="1970056446" visible="true" version="2" changeset="183604524" timestamp="2026-06-03T16:53:22Z" user="Casey_boy" uid="122844" lat="52.5926809" lon="-1.8343686"/>
 <node id="1970056448" visible="true" version="2" changeset="183604524" timestamp="2026-06-03T16:53:22Z" user="Casey_boy" uid="122844" lat="52.5929050" lon="-1.8345664"/>
 <node id="1970056453" visible="true" version="2" changeset="183604524" timestamp="2026-06-03T16:53:22Z" user="Casey_boy" uid="122844" lat="52.5929063" lon="-1.8346587"/>
 <node id="1970059354" visible="true" version="1" changeset="13533717" timestamp="2012-10-17T16:00:34Z" user="brianboru" uid="9065" lat="52.5920635" lon="-1.8342141"/>
 <node id="1979476747" visible="true" version="1" changeset="13606873" timestamp="2012-10-23T15:41:59Z" user="brianboru" uid="9065" lat="52.5931283" lon="-1.8274708"/>
 <node id="1979476749" visible="true" version="1" changeset="13606873" timestamp="2012-10-23T15:41:59Z" user="brianboru" uid="9065" lat="52.5931852" lon="-1.8276169"/>
 <node id="1979476751" visible="true" version="1" changeset="13606873" timestamp="2012-10-23T15:41:59Z" user="brianboru" uid="9065" lat="52.5931955" lon="-1.8274998"/>
 <node id="1979476764" visible="true" version="1" changeset="13606873" timestamp="2012-10-23T15:42:00Z" user="brianboru" uid="9065" lat="52.5935391" lon="-1.8277676"/>
 <node id="2066494720" visible="true" version="1" changeset="14272010" timestamp="2012-12-14T14:31:42Z" user="blackadder" uid="735" lat="52.5871883" lon="-1.8301332"/>
 <node id="2066494721" visible="true" version="2" changeset="52257673" timestamp="2017-09-21T21:15:38Z" user="blackadder" uid="735" lat="52.5871974" lon="-1.8298286"/>
 <node id="2066502249" visible="true" version="2" changeset="55082836" timestamp="2018-01-01T18:21:02Z" user="blackadder" uid="735" lat="52.5874561" lon="-1.8300017"/>
 <node id="2066502251" visible="true" version="2" changeset="55082836" timestamp="2018-01-01T18:21:02Z" user="blackadder" uid="735" lat="52.5874565" lon="-1.8299860"/>
 <node id="2066502253" visible="true" version="2" changeset="55082836" timestamp="2018-01-01T18:21:02Z" user="blackadder" uid="735" lat="52.5874589" lon="-1.8300207"/>
 <node id="2066502255" visible="true" version="2" changeset="55082836" timestamp="2018-01-01T18:21:02Z" user="blackadder" uid="735" lat="52.5874681" lon="-1.8299757"/>
 <node id="2066502257" visible="true" version="2" changeset="55082836" timestamp="2018-01-01T18:21:02Z" user="blackadder" uid="735" lat="52.5874714" lon="-1.8300420"/>
 <node id="2066502259" visible="true" version="2" changeset="55082836" timestamp="2018-01-01T18:21:02Z" user="blackadder" uid="735" lat="52.5874916" lon="-1.8299702"/>
 <node id="2066502261" visible="true" version="2" changeset="55082836" timestamp="2018-01-01T18:21:02Z" user="blackadder" uid="735" lat="52.5875309" lon="-1.8299812"/>
 <node id="2066502263" visible="true" version="2" changeset="55082836" timestamp="2018-01-01T18:21:02Z" user="blackadder" uid="735" lat="52.5875577" lon="-1.8301280"/>
 <node id="2066502265" visible="true" version="2" changeset="55082836" timestamp="2018-01-01T18:21:02Z" user="blackadder" uid="735" lat="52.5875673" lon="-1.8300033"/>
 <node id="2066502267" visible="true" version="2" changeset="55082836" timestamp="2018-01-01T18:21:02Z" user="blackadder" uid="735" lat="52.5875870" lon="-1.8301462"/>
 <node id="2066502269" visible="true" version="2" changeset="55082836" timestamp="2018-01-01T18:21:02Z" user="blackadder" uid="735" lat="52.5876110" lon="-1.8300373"/>
 <node id="2066502271" visible="true" version="2" changeset="55082836" timestamp="2018-01-01T18:21:02Z" user="blackadder" uid="735" lat="52.5876172" lon="-1.8301565"/>
 <node id="2066502273" visible="true" version="2" changeset="55082836" timestamp="2018-01-01T18:21:02Z" user="blackadder" uid="735" lat="52.5876623" lon="-1.8301596"/>
 <node id="2066502275" visible="true" version="2" changeset="55082836" timestamp="2018-01-01T18:21:02Z" user="blackadder" uid="735" lat="52.5876652" lon="-1.8300965"/>
 <node id="2066502277" visible="true" version="2" changeset="55082836" timestamp="2018-01-01T18:21:02Z" user="blackadder" uid="735" lat="52.5876690" lon="-1.8301541"/>
 <node id="2066502279" visible="true" version="2" changeset="55082836" timestamp="2018-01-01T18:21:02Z" user="blackadder" uid="735" lat="52.5876728" lon="-1.8301178"/>
 <node id="2066502281" visible="true" version="2" changeset="55082836" timestamp="2018-01-01T18:21:02Z" user="blackadder" uid="735" lat="52.5876728" lon="-1.8301383"/>
 <node id="2070906824" visible="true" version="1" changeset="14300701" timestamp="2012-12-17T00:05:22Z" user="blackadder" uid="735" lat="52.5877431" lon="-1.8246677"/>
 <node id="2187505565" visible="true" version="1" changeset="15262231" timestamp="2013-03-05T18:58:38Z" user="brianboru" uid="9065" lat="52.5985613" lon="-1.8291115"/>
 <node id="2188200029" visible="true" version="2" changeset="182928787" timestamp="2026-05-20T13:34:12Z" user="Casey_boy" uid="122844" lat="52.5979385" lon="-1.8359106"/>
 <node id="2323653716" visible="true" version="1" changeset="16330129" timestamp="2013-05-28T20:54:28Z" user="blackadder" uid="735" lat="52.5925156" lon="-1.8260892"/>
 <node id="2323654157" visible="true" version="1" changeset="16330129" timestamp="2013-05-28T20:54:32Z" user="blackadder" uid="735" lat="52.5928183" lon="-1.8269145"/>
 <node id="2323654163" visible="true" version="1" changeset="16330129" timestamp="2013-05-28T20:54:32Z" user="blackadder" uid="735" lat="52.5928376" lon="-1.8269233">
  <tag k="barrier" v="gate"/>
 </node>
 <node id="2323654191" visible="true" version="1" changeset="16330129" timestamp="2013-05-28T20:54:32Z" user="blackadder" uid="735" lat="52.5928917" lon="-1.8258791"/>
 <node id="2323654194" visible="true" version="1" changeset="16330129" timestamp="2013-05-28T20:54:32Z" user="blackadder" uid="735" lat="52.5929184" lon="-1.8256933"/>
 <node id="2323654198" visible="true" version="1" changeset="16330129" timestamp="2013-05-28T20:54:32Z" user="blackadder" uid="735" lat="52.5929309" lon="-1.8213881"/>
 <node id="2323654205" visible="true" version="1" changeset="16330129" timestamp="2013-05-28T20:54:32Z" user="blackadder" uid="735" lat="52.5929506" lon="-1.8225823"/>
 <node id="2323654207" visible="true" version="1" changeset="16330129" timestamp="2013-05-28T20:54:33Z" user="blackadder" uid="735" lat="52.5929707" lon="-1.8252631"/>
 <node id="2323654210" visible="true" version="1" changeset="16330129" timestamp="2013-05-28T20:54:33Z" user="blackadder" uid="735" lat="52.5929923" lon="-1.8248472"/>
 <node id="2323654235" visible="true" version="1" changeset="16330129" timestamp="2013-05-28T20:54:33Z" user="blackadder" uid="735" lat="52.5930307" lon="-1.8235149"/>
 <node id="2323654260" visible="true" version="1" changeset="16330129" timestamp="2013-05-28T20:54:33Z" user="blackadder" uid="735" lat="52.5931240" lon="-1.8270052"/>
 <node id="2397150818" visible="true" version="1" changeset="17099708" timestamp="2013-07-26T10:17:36Z" user="blackadder" uid="735" lat="52.5930916" lon="-1.8356164">
  <tag k="crossing" v="traffic_signals"/>
  <tag k="crossing_ref" v="pelican"/>
  <tag k="highway" v="crossing"/>
  <tag k="source" v="BCC_CycleData"/>
 </node>
 <node id="2489410373" visible="true" version="2" changeset="147175099" timestamp="2024-02-07T12:42:29Z" user="richardwallis1996" uid="15637950" lat="52.5752617" lon="-1.8215556"/>
 <node id="3017455868" visible="true" version="1" changeset="24760046" timestamp="2014-08-15T05:57:09Z" user="blackadder" uid="735" lat="52.5858561" lon="-1.8273123"/>
 <node id="3073948667" visible="true" version="2" changeset="34677177" timestamp="2015-10-16T15:00:32Z" user="blackadder" uid="735" lat="52.5873160" lon="-1.8288833"/>
 <node id="3226540909" visible="true" version="3" changeset="183962781" timestamp="2026-06-11T09:54:52Z" user="Casey_boy" uid="122844" lat="52.5872086" lon="-1.8304459"/>
 <node id="3226540912" visible="true" version="3" changeset="183962781" timestamp="2026-06-11T09:54:52Z" user="Casey_boy" uid="122844" lat="52.5872293" lon="-1.8304511"/>
 <node id="3541553902" visible="true" version="2" changeset="34450479" timestamp="2015-10-05T15:41:08Z" user="blackadder" uid="735" lat="52.5876952" lon="-1.8302752"/>
 <node id="3773402307" visible="true" version="2" changeset="55082836" timestamp="2018-01-01T18:21:02Z" user="blackadder" uid="735" lat="52.5876615" lon="-1.8298431"/>
 <node id="3789124283" visible="true" version="1" changeset="34677177" timestamp="2015-10-16T15:00:25Z" user="blackadder" uid="735" lat="52.5870610" lon="-1.8288003"/>
 <node id="3789124285" visible="true" version="1" changeset="34677177" timestamp="2015-10-16T15:00:25Z" user="blackadder" uid="735" lat="52.5871076" lon="-1.8284249"/>
 <node id="3789124286" visible="true" version="1" changeset="34677177" timestamp="2015-10-16T15:00:25Z" user="blackadder" uid="735" lat="52.5872100" lon="-1.8284621"/>
 <node id="3789124287" visible="true" version="1" changeset="34677177" timestamp="2015-10-16T15:00:25Z" user="blackadder" uid="735" lat="52.5872211" lon="-1.8279293"/>
 <node id="3789124288" visible="true" version="1" changeset="34677177" timestamp="2015-10-16T15:00:25Z" user="blackadder" uid="735" lat="52.5872640" lon="-1.8277208"/>
 <node id="3789124289" visible="true" version="1" changeset="34677177" timestamp="2015-10-16T15:00:25Z" user="blackadder" uid="735" lat="52.5872791" lon="-1.8279612"/>
 <node id="3789124291" visible="true" version="1" changeset="34677177" timestamp="2015-10-16T15:00:25Z" user="blackadder" uid="735" lat="52.5872921" lon="-1.8278929"/>
 <node id="3789124292" visible="true" version="1" changeset="34677177" timestamp="2015-10-16T15:00:25Z" user="blackadder" uid="735" lat="52.5873070" lon="-1.8278143"/>
 <node id="3789124294" visible="true" version="1" changeset="34677177" timestamp="2015-10-16T15:00:25Z" user="blackadder" uid="735" lat="52.5873672" lon="-1.8279329"/>
 <node id="3789229420" visible="true" version="2" changeset="52257673" timestamp="2017-09-21T21:15:38Z" user="blackadder" uid="735" lat="52.5854530" lon="-1.8291757"/>
 <node id="3789229421" visible="true" version="1" changeset="34678362" timestamp="2015-10-16T16:01:54Z" user="blackadder" uid="735" lat="52.5855162" lon="-1.8289658"/>
 <node id="3789229422" visible="true" version="1" changeset="34678362" timestamp="2015-10-16T16:01:54Z" user="blackadder" uid="735" lat="52.5855460" lon="-1.8289240"/>
 <node id="3789229423" visible="true" version="1" changeset="34678362" timestamp="2015-10-16T16:01:54Z" user="blackadder" uid="735" lat="52.5855836" lon="-1.8288924"/>
 <node id="3789229424" visible="true" version="1" changeset="34678362" timestamp="2015-10-16T16:01:54Z" user="blackadder" uid="735" lat="52.5856089" lon="-1.8288981"/>
 <node id="3789229425" visible="true" version="1" changeset="34678362" timestamp="2015-10-16T16:01:54Z" user="blackadder" uid="735" lat="52.5858346" lon="-1.8290119"/>
 <node id="3789229426" visible="true" version="1" changeset="34678362" timestamp="2015-10-16T16:01:54Z" user="blackadder" uid="735" lat="52.5858599" lon="-1.8290090"/>
 <node id="3789229427" visible="true" version="1" changeset="34678362" timestamp="2015-10-16T16:01:54Z" user="blackadder" uid="735" lat="52.5858862" lon="-1.8289931"/>
 <node id="3789229428" visible="true" version="1" changeset="34678362" timestamp="2015-10-16T16:01:54Z" user="blackadder" uid="735" lat="52.5859115" lon="-1.8289658"/>
 <node id="3789229429" visible="true" version="1" changeset="34678362" timestamp="2015-10-16T16:01:54Z" user="blackadder" uid="735" lat="52.5859334" lon="-1.8289212"/>
 <node id="3789229430" visible="true" version="1" changeset="34678362" timestamp="2015-10-16T16:01:54Z" user="blackadder" uid="735" lat="52.5862518" lon="-1.8281078"/>
 <node id="3789229434" visible="true" version="1" changeset="34678362" timestamp="2015-10-16T16:01:54Z" user="blackadder" uid="735" lat="52.5874407" lon="-1.8280892"/>
 <node id="3789229436" visible="true" version="1" changeset="34678362" timestamp="2015-10-16T16:01:54Z" user="blackadder" uid="735" lat="52.5875462" lon="-1.8261830"/>
 <node id="3789229437" visible="true" version="1" changeset="34678362" timestamp="2015-10-16T16:01:54Z" user="blackadder" uid="735" lat="52.5876162" lon="-1.8253875"/>
 <node id="3860932451" visible="true" version="1" changeset="35594447" timestamp="2015-11-26T16:15:15Z" user="blackadder" uid="735" lat="52.5861219" lon="-1.8194163"/>
 <node id="3860932476" visible="true" version="1" changeset="35594447" timestamp="2015-11-26T16:15:15Z" user="blackadder" uid="735" lat="52.5864417" lon="-1.8181781"/>
 <node id="3860932482" visible="true" version="1" changeset="35594447" timestamp="2015-11-26T16:15:15Z" user="blackadder" uid="735" lat="52.5865518" lon="-1.8186040"/>
 <node id="3860932483" visible="true" version="1" changeset="35594447" timestamp="2015-11-26T16:15:15Z" user="blackadder" uid="735" lat="52.5865555" lon="-1.8183325"/>
 <node id="3860932484" visible="true" version="1" changeset="35594447" timestamp="2015-11-26T16:15:15Z" user="blackadder" uid="735" lat="52.5866673" lon="-1.8175029"/>
 <node id="3860932485" visible="true" version="1" changeset="35594447" timestamp="2015-11-26T16:15:16Z" user="blackadder" uid="735" lat="52.5866873" lon="-1.8173748"/>
 <node id="4550939281" visible="true" version="3" changeset="183962289" timestamp="2026-06-11T09:43:01Z" user="Casey_boy" uid="122844" lat="52.5879445" lon="-1.8298293">
  <tag k="crossing" v="uncontrolled"/>
  <tag k="crossing_ref" v="zebra"/>
  <tag k="highway" v="crossing"/>
 </node>
 <node id="4550939282" visible="true" version="1" changeset="44346554" timestamp="2016-12-12T13:54:00Z" user="brianboru" uid="9065" lat="52.5874699" lon="-1.8298147">
  <tag k="highway" v="give_way"/>
 </node>
 <node id="4550939283" visible="true" version="1" changeset="44346554" timestamp="2016-12-12T13:54:00Z" user="brianboru" uid="9065" lat="52.5876785" lon="-1.8303337">
  <tag k="highway" v="give_way"/>
 </node>
 <node id="4550939284" visible="true" version="1" changeset="44346554" timestamp="2016-12-12T13:54:00Z" user="brianboru" uid="9065" lat="52.5877812" lon="-1.8302063">
  <tag k="highway" v="give_way"/>
 </node>
 <node id="4923933811" visible="true" version="4" changeset="157272997" timestamp="2024-09-29T22:31:22Z" user="marc_marc_repair" uid="8333620" lat="52.5875340" lon="-1.8300090">
  <tag k="constituency" v="Sutton"/>
  <tag k="natural" v="tree"/>
  <tag k="plot_number" v="110006"/>
  <tag k="ref:usrn" v="2707389"/>
  <tag k="site_name" v="Mere Green Road"/>
  <tag k="species" v="Cupressus sp"/>
  <tag k="ward" v="Sutton Four Oaks"/>
 </node>
 <node id="4923938359" visible="true" version="2" changeset="148222720" timestamp="2024-03-04T19:28:16Z" user="ivanbranco" uid="11220113" lat="52.5875180" lon="-1.8300030">
  <tag k="age" v="new planting"/>
  <tag k="constituency" v="Strategic Routes"/>
  <tag k="height" v="3"/>
  <tag k="height:range" v="2 to 2.99m"/>
  <tag k="leaf_cycle" v="deciduous"/>
  <tag k="leaf_type" v="broadleaved"/>
  <tag k="natural" v="tree"/>
  <tag k="plot_number" v="100006"/>
  <tag k="ref:usrn" v="2700040"/>
  <tag k="site_name" v="Lichfield Road"/>
  <tag k="source" v="bcc_dec_2016"/>
  <tag k="species" v="Corylus avellana"/>
  <tag k="species:wikidata" v="Q124969"/>
  <tag k="tree_form" v="natural"/>
  <tag k="ward" v="Sutton Four Oaks"/>
 </node>
 <node id="4923938363" visible="true" version="2" changeset="148222720" timestamp="2024-03-04T19:28:16Z" user="ivanbranco" uid="11220113" lat="52.5876440" lon="-1.8300840">
  <tag k="age" v="new planting"/>
  <tag k="constituency" v="Strategic Routes"/>
  <tag k="height" v="3"/>
  <tag k="height:range" v="2 to 2.99m"/>
  <tag k="leaf_cycle" v="deciduous"/>
  <tag k="leaf_type" v="broadleaved"/>
  <tag k="natural" v="tree"/>
  <tag k="plot_number" v="100007"/>
  <tag k="ref:usrn" v="2700040"/>
  <tag k="site_name" v="Lichfield Road"/>
  <tag k="source" v="bcc_dec_2016"/>
  <tag k="species" v="Corylus avellana"/>
  <tag k="species:wikidata" v="Q124969"/>
  <tag k="tree_form" v="natural"/>
  <tag k="ward" v="Sutton Four Oaks"/>
 </node>
 <node id="4961856809" visible="true" version="2" changeset="148125159" timestamp="2024-03-02T10:31:02Z" user="ivanbranco" uid="11220113" lat="52.5874710" lon="-1.8286840">
  <tag k="age" v="mature"/>
  <tag k="constituency" v="Sutton"/>
  <tag k="height" v="15"/>
  <tag k="height:range" v="14 to 14.99m"/>
  <tag k="leaf_cycle" v="deciduous"/>
  <tag k="leaf_type" v="broadleaved"/>
  <tag k="natural" v="tree"/>
  <tag k="plot_number" v="100010"/>
  <tag k="ref:usrn" v="2707389"/>
  <tag k="site_name" v="Mere Green Road"/>
  <tag k="source" v="bcc_dec_2016"/>
  <tag k="species" v="Tilia x europaea"/>
  <tag k="species:wikidata" v="Q163760"/>
  <tag k="tree_form" v="pollard"/>
  <tag k="ward" v="Sutton Four Oaks"/>
 </node>
 <node id="5120284286" visible="true" version="2" changeset="52257673" timestamp="2017-09-21T21:15:39Z" user="blackadder" uid="735" lat="52.5871216" lon="-1.8290629"/>
 <node id="5120284287" visible="true" version="2" changeset="52257673" timestamp="2017-09-21T21:15:39Z" user="blackadder" uid="735" lat="52.5870925" lon="-1.8293788"/>
 <node id="5120284288" visible="true" version="2" changeset="52257673" timestamp="2017-09-21T21:15:39Z" user="blackadder" uid="735" lat="52.5871742" lon="-1.8290760"/>
 <node id="5120284289" visible="true" version="2" changeset="52257673" timestamp="2017-09-21T21:15:39Z" user="blackadder" uid="735" lat="52.5871451" lon="-1.8293920"/>
 <node id="5120284290" visible="true" version="2" changeset="52257673" timestamp="2017-09-21T21:15:39Z" user="blackadder" uid="735" lat="52.5872273" lon="-1.8290893"/>
 <node id="5120284291" visible="true" version="2" changeset="52257673" timestamp="2017-09-21T21:15:39Z" user="blackadder" uid="735" lat="52.5871982" lon="-1.8294052"/>
 <node id="5120284292" visible="true" version="2" changeset="52257673" timestamp="2017-09-21T21:15:39Z" user="blackadder" uid="735" lat="52.5872802" lon="-1.8291025"/>
 <node id="5120284293" visible="true" version="2" changeset="52257673" timestamp="2017-09-21T21:15:39Z" user="blackadder" uid="735" lat="52.5872511" lon="-1.8294184"/>
 <node id="5120284294" visible="true" version="2" changeset="52257673" timestamp="2017-09-21T21:15:39Z" user="blackadder" uid="735" lat="52.5873320" lon="-1.8291154"/>
 <node id="5120284295" visible="true" version="2" changeset="52257673" timestamp="2017-09-21T21:15:39Z" user="blackadder" uid="735" lat="52.5873029" lon="-1.8294314"/>
 <node id="5120284303" visible="true" version="2" changeset="52257673" timestamp="2017-09-21T21:15:39Z" user="blackadder" uid="735" lat="52.5872736" lon="-1.8297436"/>
 <node id="5120284305" visible="true" version="2" changeset="52257673" timestamp="2017-09-21T21:15:39Z" user="blackadder" uid="735" lat="52.5872225" lon="-1.8297294"/>
 <node id="5120284306" visible="true" version="2" changeset="52257673" timestamp="2017-09-21T21:15:39Z" user="blackadder" uid="735" lat="52.5871696" lon="-1.8297162"/>
 <node id="5120284307" visible="true" version="2" changeset="52257673" timestamp="2017-09-21T21:15:39Z" user="blackadder" uid="735" lat="52.5871164" lon="-1.8297029"/>
 <node id="5120284314" visible="true" version="1" changeset="52253586" timestamp="2017-09-21T19:05:07Z" user="blackadder" uid="735" lat="52.5874414" lon="-1.8291445"/>
 <node id="5120284315" visible="true" version="1" changeset="52253586" timestamp="2017-09-21T19:05:07Z" user="blackadder" uid="735" lat="52.5874414" lon="-1.8294637"/>
 <node id="5120284316" visible="true" version="1" changeset="52253586" timestamp="2017-09-21T19:05:07Z" user="blackadder" uid="735" lat="52.5874276" lon="-1.8296340"/>
 <node id="5120284317" visible="true" version="1" changeset="52253586" timestamp="2017-09-21T19:05:07Z" user="blackadder" uid="735" lat="52.5874137" lon="-1.8296890"/>
 <node id="5120284318" visible="true" version="1" changeset="52253586" timestamp="2017-09-21T19:05:07Z" user="blackadder" uid="735" lat="52.5873933" lon="-1.8297225"/>
 <node id="5120284319" visible="true" version="1" changeset="52253586" timestamp="2017-09-21T19:05:07Z" user="blackadder" uid="735" lat="52.5873648" lon="-1.8297426"/>
 <node id="5120287321" visible="true" version="2" changeset="52257673" timestamp="2017-09-21T21:15:39Z" user="blackadder" uid="735" lat="52.5872198" lon="-1.8283654"/>
 <node id="5120287322" visible="true" version="2" changeset="52257673" timestamp="2017-09-21T21:15:39Z" user="blackadder" uid="735" lat="52.5872671" lon="-1.8281052"/>
 <node id="5120287323" visible="true" version="1" changeset="52253586" timestamp="2017-09-21T19:05:08Z" user="blackadder" uid="735" lat="52.5874300" lon="-1.8281937"/>
 <node id="5120287324" visible="true" version="2" changeset="52257673" timestamp="2017-09-21T21:15:39Z" user="blackadder" uid="735" lat="52.5874244" lon="-1.8284767"/>
 <node id="5120287325" visible="true" version="1" changeset="52253586" timestamp="2017-09-21T19:05:08Z" user="blackadder" uid="735" lat="52.5870588" lon="-1.8283531"/>
 <node id="5120287326" visible="true" version="2" changeset="52257673" timestamp="2017-09-21T21:15:39Z" user="blackadder" uid="735" lat="52.5869868" lon="-1.8288253"/>
 <node id="5120287327" visible="true" version="2" changeset="52257673" timestamp="2017-09-21T21:15:39Z" user="blackadder" uid="735" lat="52.5867928" lon="-1.8287664"/>
 <node id="5120287328" visible="true" version="2" changeset="52257673" timestamp="2017-09-21T21:15:39Z" user="blackadder" uid="735" lat="52.5869678" lon="-1.8283033"/>
 <node id="5120287329" visible="true" version="2" changeset="52257673" timestamp="2017-09-21T21:15:39Z" user="blackadder" uid="735" lat="52.5870226" lon="-1.8281615"/>
 <node id="5120287330" visible="true" version="2" changeset="52257673" timestamp="2017-09-21T21:15:39Z" user="blackadder" uid="735" lat="52.5872027" lon="-1.8282567"/>
 <node id="5120287331" visible="true" version="2" changeset="52257673" timestamp="2017-09-21T21:15:39Z" user="blackadder" uid="735" lat="52.5871775" lon="-1.8284163"/>
 <node id="5120287332" visible="true" version="1" changeset="52253586" timestamp="2017-09-21T19:05:08Z" user="blackadder" uid="735" lat="52.5865561" lon="-1.8288453"/>
 <node id="5120287333" visible="true" version="1" changeset="52253586" timestamp="2017-09-21T19:05:08Z" user="blackadder" uid="735" lat="52.5875160" lon="-1.8290827"/>
 <node id="5120584332" visible="true" version="1" changeset="52257673" timestamp="2017-09-21T21:15:33Z" user="blackadder" uid="735" lat="52.5861148" lon="-1.8294852"/>
 <node id="5120584333" visible="true" version="1" changeset="52257673" timestamp="2017-09-21T21:15:33Z" user="blackadder" uid="735" lat="52.5873298" lon="-1.8297520"/>
 <node id="5120584335" visible="true" version="1" changeset="52257673" timestamp="2017-09-21T21:15:33Z" user="blackadder" uid="735" lat="52.5870438" lon="-1.8289205"/>
 <node id="5120584336" visible="true" version="1" changeset="52257673" timestamp="2017-09-21T21:15:33Z" user="blackadder" uid="735" lat="52.5867252" lon="-1.8288307"/>
 <node id="5120584337" visible="true" version="1" changeset="52257673" timestamp="2017-09-21T21:15:33Z" user="blackadder" uid="735" lat="52.5867554" lon="-1.8287529"/>
 <node id="5120584338" visible="true" version="1" changeset="52257673" timestamp="2017-09-21T21:15:33Z" user="blackadder" uid="735" lat="52.5866763" lon="-1.8286671"/>
 <node id="5120584339" visible="true" version="1" changeset="52257673" timestamp="2017-09-21T21:15:33Z" user="blackadder" uid="735" lat="52.5869786" lon="-1.8279657"/>
 <node id="5120584340" visible="true" version="1" changeset="52257673" timestamp="2017-09-21T21:15:33Z" user="blackadder" uid="735" lat="52.5873257" lon="-1.8297762"/>
 <node id="5120584341" visible="true" version="1" changeset="52257673" timestamp="2017-09-21T21:15:33Z" user="blackadder" uid="735" lat="52.5873591" lon="-1.8297708"/>
 <node id="5120584342" visible="true" version="1" changeset="52257673" timestamp="2017-09-21T21:15:33Z" user="blackadder" uid="735" lat="52.5873836" lon="-1.8297561"/>
 <node id="5120584343" visible="true" version="1" changeset="52257673" timestamp="2017-09-21T21:15:33Z" user="blackadder" uid="735" lat="52.5874072" lon="-1.8297359"/>
 <node id="5120584344" visible="true" version="1" changeset="52257673" timestamp="2017-09-21T21:15:34Z" user="blackadder" uid="735" lat="52.5874292" lon="-1.8297011"/>
 <node id="5120584345" visible="true" version="1" changeset="52257673" timestamp="2017-09-21T21:15:34Z" user="blackadder" uid="735" lat="52.5874422" lon="-1.8296394"/>
 <node id="5120584346" visible="true" version="1" changeset="52257673" timestamp="2017-09-21T21:15:34Z" user="blackadder" uid="735" lat="52.5874496" lon="-1.8295750"/>
 <node id="5315128515" visible="true" version="1" changeset="55082836" timestamp="2018-01-01T18:20:47Z" user="blackadder" uid="735" lat="52.5900478" lon="-1.8303475"/>
 <node id="5315129230" visible="true" version="1" changeset="55082836" timestamp="2018-01-01T18:20:47Z" user="blackadder" uid="735" lat="52.5893602" lon="-1.8297467"/>
 <node id="5315129238" visible="true" version="1" changeset="55082836" timestamp="2018-01-01T18:20:47Z" user="blackadder" uid="735" lat="52.5876871" lon="-1.8304816"/>
 <node id="5315129240" visible="true" version="2" changeset="183962289" timestamp="2026-06-11T09:43:01Z" user="Casey_boy" uid="122844" lat="52.5879662" lon="-1.8301523">
  <tag k="amenity" v="atm"/>
 </node>
 <node id="5315129249" visible="true" version="1" changeset="55082836" timestamp="2018-01-01T18:20:48Z" user="blackadder" uid="735" lat="52.5889875" lon="-1.8313648"/>
 <node id="5315129256" visible="true" version="2" changeset="183960793" timestamp="2026-06-11T09:06:09Z" user="Casey_boy" uid="122844" lat="52.5879590" lon="-1.8313287"/>
 <node id="5315129270" visible="true" version="2" changeset="183962289" timestamp="2026-06-11T09:43:01Z" user="Casey_boy" uid="122844" lat="52.5878781" lon="-1.8302091"/>
 <node id="5315129271" visible="true" version="2" changeset="183962289" timestamp="2026-06-11T09:43:01Z" user="Casey_boy" uid="122844" lat="52.5878364" lon="-1.8301397"/>
 <node id="5315129272" visible="true" version="2" changeset="183962289" timestamp="2026-06-11T09:43:01Z" user="Casey_boy" uid="122844" lat="52.5878384" lon="-1.8299508"/>
 <node id="5315129273" visible="true" version="1" changeset="55082836" timestamp="2018-01-01T18:20:48Z" user="blackadder" uid="735" lat="52.5879327" lon="-1.8299277"/>
 <node id="5315129274" visible="true" version="2" changeset="183962289" timestamp="2026-06-11T09:43:01Z" user="Casey_boy" uid="122844" lat="52.5879264" lon="-1.8302547"/>
 <node id="5315129275" visible="true" version="1" changeset="55082836" timestamp="2018-01-01T18:20:48Z" user="blackadder" uid="735" lat="52.5878610" lon="-1.8301182"/>
 <node id="5315129276" visible="true" version="1" changeset="55082836" timestamp="2018-01-01T18:20:48Z" user="blackadder" uid="735" lat="52.5878749" lon="-1.8298528"/>
 <node id="5315129277" visible="true" version="1" changeset="55082836" timestamp="2018-01-01T18:20:48Z" user="blackadder" uid="735" lat="52.5873624" lon="-1.8297936"/>
 <node id="5315129278" visible="true" version="1" changeset="55082836" timestamp="2018-01-01T18:20:48Z" user="blackadder" uid="735" lat="52.5874129" lon="-1.8297614"/>
 <node id="5315129279" visible="true" version="1" changeset="55082836" timestamp="2018-01-01T18:20:48Z" user="blackadder" uid="735" lat="52.5874815" lon="-1.8297510"/>
 <node id="5315129280" visible="true" version="1" changeset="55082836" timestamp="2018-01-01T18:20:48Z" user="blackadder" uid="735" lat="52.5875535" lon="-1.8297555"/>
 <node id="5315129281" visible="true" version="1" changeset="55082836" timestamp="2018-01-01T18:20:48Z" user="blackadder" uid="735" lat="52.5875897" lon="-1.8297561"/>
 <node id="5315129282" visible="true" version="1" changeset="55082836" timestamp="2018-01-01T18:20:48Z" user="blackadder" uid="735" lat="52.5875995" lon="-1.8298164"/>
 <node id="5315129283" visible="true" version="1" changeset="55082836" timestamp="2018-01-01T18:20:48Z" user="blackadder" uid="735" lat="52.5876247" lon="-1.8298466"/>
 <node id="5315129284" visible="true" version="1" changeset="55082836" timestamp="2018-01-01T18:20:48Z" user="blackadder" uid="735" lat="52.5876586" lon="-1.8298607"/>
 <node id="5315129285" visible="true" version="1" changeset="55082836" timestamp="2018-01-01T18:20:48Z" user="blackadder" uid="735" lat="52.5878093" lon="-1.8298358"/>
 <node id="5315129286" visible="true" version="2" changeset="183962289" timestamp="2026-06-11T09:43:01Z" user="Casey_boy" uid="122844" lat="52.5879353" lon="-1.8297742"/>
 <node id="5315129287" visible="true" version="2" changeset="183962289" timestamp="2026-06-11T09:43:01Z" user="Casey_boy" uid="122844" lat="52.5879600" lon="-1.8299019"/>
 <node id="5315129288" visible="true" version="2" changeset="183962289" timestamp="2026-06-11T09:43:01Z" user="Casey_boy" uid="122844" lat="52.5879488" lon="-1.8302818"/>
 <node id="5315129289" visible="true" version="1" changeset="55082836" timestamp="2018-01-01T18:20:48Z" user="blackadder" uid="735" lat="52.5878887" lon="-1.8304628"/>
 <node id="5315129290" visible="true" version="1" changeset="55082836" timestamp="2018-01-01T18:20:48Z" user="blackadder" uid="735" lat="52.5878651" lon="-1.8304440"/>
 <node id="5315129291" visible="true" version="1" changeset="55082836" timestamp="2018-01-01T18:20:48Z" user="blackadder" uid="735" lat="52.5877103" lon="-1.8304575"/>
 <node id="5315129292" visible="true" version="1" changeset="55082836" timestamp="2018-01-01T18:20:48Z" user="blackadder" uid="735" lat="52.5876557" lon="-1.8306036"/>
 <node id="5315129293" visible="true" version="1" changeset="55082836" timestamp="2018-01-01T18:20:48Z" user="blackadder" uid="735" lat="52.5875539" lon="-1.8305527"/>
 <node id="5315129294" visible="true" version="1" changeset="55082836" timestamp="2018-01-01T18:20:49Z" user="blackadder" uid="735" lat="52.5875579" lon="-1.8303072"/>
 <node id="5315129295" visible="true" version="1" changeset="55082836" timestamp="2018-01-01T18:20:49Z" user="blackadder" uid="735" lat="52.5875441" lon="-1.8302684"/>
 <node id="5315129296" visible="true" version="1" changeset="55082836" timestamp="2018-01-01T18:20:49Z" user="blackadder" uid="735" lat="52.5874553" lon="-1.8302187"/>
 <node id="5315129297" visible="true" version="1" changeset="55082836" timestamp="2018-01-01T18:20:49Z" user="blackadder" uid="735" lat="52.5875473" lon="-1.8302992"/>
 <node id="5315129299" visible="true" version="1" changeset="55082836" timestamp="2018-01-01T18:20:49Z" user="blackadder" uid="735" lat="52.5873005" lon="-1.8316805"/>
 <node id="5315129302" visible="true" version="1" changeset="55082836" timestamp="2018-01-01T18:20:49Z" user="blackadder" uid="735" lat="52.5873942" lon="-1.8317556"/>
 <node id="5315129303" visible="true" version="1" changeset="55082836" timestamp="2018-01-01T18:20:49Z" user="blackadder" uid="735" lat="52.5874838" lon="-1.8314391"/>
 <node id="5315129304" visible="true" version="2" changeset="184014594" timestamp="2026-06-12T12:23:52Z" user="Casey_boy" uid="122844" lat="52.5876761" lon="-1.8304585"/>
 <node id="5315129305" visible="true" version="2" changeset="184014594" timestamp="2026-06-12T12:23:52Z" user="Casey_boy" uid="122844" lat="52.5878259" lon="-1.8304197"/>
 <node id="5315129307" visible="true" version="1" changeset="55082836" timestamp="2018-01-01T18:20:49Z" user="blackadder" uid="735" lat="52.5882904" lon="-1.8306801"/>
 <node id="5315129308" visible="true" version="1" changeset="55082836" timestamp="2018-01-01T18:20:49Z" user="blackadder" uid="735" lat="52.5882381" lon="-1.8301903"/>
 <node id="5315129309" visible="true" version="1" changeset="55082836" timestamp="2018-01-01T18:20:49Z" user="blackadder" uid="735" lat="52.5881978" lon="-1.8303540">
  <tag k="addr:city" v="Sutton Coldfield"/>
  <tag k="addr:housename" v="Mere Green Chambers"/>
  <tag k="addr:housenumber" v="338"/>
  <tag k="addr:street" v="Lichfield Road"/>
 </node>
 <node id="5315129310" visible="true" version="2" changeset="183962289" timestamp="2026-06-11T09:43:01Z" user="Casey_boy" uid="122844" lat="52.5883508" lon="-1.8301373"/>
 <node id="5315129312" visible="true" version="2" changeset="183962289" timestamp="2026-06-11T09:43:01Z" user="Casey_boy" uid="122844" lat="52.5881372" lon="-1.8301459"/>
 <node id="5315129313" visible="true" version="2" changeset="183962289" timestamp="2026-06-11T09:43:01Z" user="Casey_boy" uid="122844" lat="52.5881455" lon="-1.8300181"/>
 <node id="5315129314" visible="true" version="2" changeset="183962289" timestamp="2026-06-11T09:43:01Z" user="Casey_boy" uid="122844" lat="52.5879792" lon="-1.8299985"/>
 <node id="5315129315" visible="true" version="2" changeset="183962289" timestamp="2026-06-11T09:43:01Z" user="Casey_boy" uid="122844" lat="52.5879715" lon="-1.8301103"/>
 <node id="5315129316" visible="true" version="2" changeset="183962289" timestamp="2026-06-11T09:43:01Z" user="Casey_boy" uid="122844" lat="52.5880435" lon="-1.8299106"/>
 <node id="5315129317" visible="true" version="2" changeset="183962781" timestamp="2026-06-11T09:54:52Z" user="Casey_boy" uid="122844" lat="52.5872722" lon="-1.8303734"/>
 <node id="5315129318" visible="true" version="2" changeset="183962781" timestamp="2026-06-11T09:54:52Z" user="Casey_boy" uid="122844" lat="52.5872825" lon="-1.8302678"/>
 <node id="5315129319" visible="true" version="2" changeset="183962781" timestamp="2026-06-11T09:54:52Z" user="Casey_boy" uid="122844" lat="52.5872370" lon="-1.8303622"/>
 <node id="5315129424" visible="true" version="1" changeset="55082836" timestamp="2018-01-01T18:20:49Z" user="blackadder" uid="735" lat="52.5876933" lon="-1.8297017"/>
 <node id="5315129425" visible="true" version="1" changeset="55082836" timestamp="2018-01-01T18:20:49Z" user="blackadder" uid="735" lat="52.5876614" lon="-1.8297024"/>
 <node id="5315129426" visible="true" version="1" changeset="55082836" timestamp="2018-01-01T18:20:49Z" user="blackadder" uid="735" lat="52.5881056" lon="-1.8292613"/>
 <node id="5315129427" visible="true" version="1" changeset="55082836" timestamp="2018-01-01T18:20:49Z" user="blackadder" uid="735" lat="52.5880931" lon="-1.8291339"/>
 <node id="5315129428" visible="true" version="1" changeset="55082836" timestamp="2018-01-01T18:20:49Z" user="blackadder" uid="735" lat="52.5881497" lon="-1.8291189"/>
 <node id="5315129429" visible="true" version="1" changeset="55082836" timestamp="2018-01-01T18:20:49Z" user="blackadder" uid="735" lat="52.5881622" lon="-1.8292463"/>
 <node id="5315129430" visible="true" version="1" changeset="55082836" timestamp="2018-01-01T18:20:49Z" user="blackadder" uid="735" lat="52.5881295" lon="-1.8294820"/>
 <node id="5315129431" visible="true" version="1" changeset="55082836" timestamp="2018-01-01T18:20:49Z" user="blackadder" uid="735" lat="52.5881428" lon="-1.8296098"/>
 <node id="6173476417" visible="true" version="1" changeset="65895963" timestamp="2018-12-30T19:47:11Z" user="Ros Kendll Þwejts Æks" uid="6666865" lat="52.5919659" lon="-1.8346129"/>
 <node id="6528083571" visible="true" version="1" changeset="70983787" timestamp="2019-06-06T10:03:40Z" user="flevin" uid="9196098" lat="52.5875376" lon="-1.8278427"/>
 <node id="6762880922" visible="true" version="1" changeset="73960905" timestamp="2019-09-01T01:09:03Z" user="AndrewBurgess" uid="10176921" lat="52.5860469" lon="-1.8261249">
  <tag k="barrier" v="gate"/>
 </node>
 <node id="6869468558" visible="true" version="1" changeset="75552985" timestamp="2019-10-11T09:23:03Z" user="poodoshi" uid="10170569" lat="52.5875156" lon="-1.8290467"/>
 <node id="6869468559" visible="true" version="1" changeset="75552985" timestamp="2019-10-11T09:23:03Z" user="poodoshi" uid="10170569" lat="52.5879590" lon="-1.8289205"/>
 <node id="6869468560" visible="true" version="1" changeset="75552985" timestamp="2019-10-11T09:23:03Z" user="poodoshi" uid="10170569" lat="52.5879453" lon="-1.8287098"/>
 <node id="6870460651" visible="true" version="2" changeset="183637313" timestamp="2026-06-04T10:29:25Z" user="Casey_boy" uid="122844" lat="52.5971078" lon="-1.8390911"/>
 <node id="7809980354" visible="true" version="1" changeset="89358163" timestamp="2020-08-13T12:52:34Z" user="brianboru" uid="9065" lat="52.5886000" lon="-1.8295777"/>
 <node id="7809980355" visible="true" version="1" changeset="89358163" timestamp="2020-08-13T12:52:34Z" user="brianboru" uid="9065" lat="52.5886090" lon="-1.8297574"/>
 <node id="7809980356" visible="true" version="1" changeset="89358163" timestamp="2020-08-13T12:52:34Z" user="brianboru" uid="9065" lat="52.5883841" lon="-1.8296273"/>
 <node id="7809980382" visible="true" version="1" changeset="89358163" timestamp="2020-08-13T12:52:34Z" user="brianboru" uid="9065" lat="52.5932850" lon="-1.8276594"/>
 <node id="7810040688" visible="true" version="1" changeset="89358163" timestamp="2020-08-13T12:52:34Z" user="brianboru" uid="9065" lat="52.5944245" lon="-1.8281742"/>
 <node id="7810040692" visible="true" version="1" changeset="89358163" timestamp="2020-08-13T12:52:34Z" user="brianboru" uid="9065" lat="52.5953229" lon="-1.8284965"/>
 <node id="7810040708" visible="true" version="1" changeset="89358163" timestamp="2020-08-13T12:52:34Z" user="brianboru" uid="9065" lat="52.5975982" lon="-1.8392336"/>
 <node id="7810040709" visible="true" version="2" changeset="182928787" timestamp="2026-05-20T13:34:12Z" user="Casey_boy" uid="122844" lat="52.5971151" lon="-1.8389861"/>
 <node id="7810040711" visible="true" version="2" changeset="182928787" timestamp="2026-05-20T13:34:12Z" user="Casey_boy" uid="122844" lat="52.5971642" lon="-1.8388509"/>
 <node id="7810040712" visible="true" version="1" changeset="89358163" timestamp="2020-08-13T12:52:34Z" user="brianboru" uid="9065" lat="52.5964903" lon="-1.8382975"/>
 <node id="7810040713" visible="true" version="1" changeset="89358163" timestamp="2020-08-13T12:52:34Z" user="brianboru" uid="9065" lat="52.5964529" lon="-1.8384317"/>
 <node id="7810040718" visible="true" version="1" changeset="89358163" timestamp="2020-08-13T12:52:34Z" user="brianboru" uid="9065" lat="52.5953401" lon="-1.8374956"/>
 <node id="7810040719" visible="true" version="1" changeset="89358163" timestamp="2020-08-13T12:52:34Z" user="brianboru" uid="9065" lat="52.5962085" lon="-1.8382412"/>
 <node id="7810040721" visible="true" version="1" changeset="89358163" timestamp="2020-08-13T12:52:34Z" user="brianboru" uid="9065" lat="52.5953759" lon="-1.8373856"/>
 <node id="7810040722" visible="true" version="1" changeset="89358163" timestamp="2020-08-13T12:52:34Z" user="brianboru" uid="9065" lat="52.5949165" lon="-1.8369672"/>
 <node id="7810040725" visible="true" version="1" changeset="89358163" timestamp="2020-08-13T12:52:34Z" user="brianboru" uid="9065" lat="52.5948774" lon="-1.8370879"/>
 <node id="7810040727" visible="true" version="1" changeset="89358163" timestamp="2020-08-13T12:52:34Z" user="brianboru" uid="9065" lat="52.5937075" lon="-1.8360338"/>
 <node id="7810040728" visible="true" version="1" changeset="89358163" timestamp="2020-08-13T12:52:34Z" user="brianboru" uid="9065" lat="52.5943185" lon="-1.8366104"/>
 <node id="7810040730" visible="true" version="1" changeset="89358163" timestamp="2020-08-13T12:52:34Z" user="brianboru" uid="9065" lat="52.5936945" lon="-1.8359292"/>
 <node id="7810040731" visible="true" version="1" changeset="89358163" timestamp="2020-08-13T12:52:34Z" user="brianboru" uid="9065" lat="52.5931079" lon="-1.8354249"/>
 <node id="7810040732" visible="true" version="2" changeset="183604524" timestamp="2026-06-03T16:53:22Z" user="Casey_boy" uid="122844" lat="52.5930244" lon="-1.8354200"/>
 <node id="7810040737" visible="true" version="1" changeset="89358163" timestamp="2020-08-13T12:52:34Z" user="brianboru" uid="9065" lat="52.5910972" lon="-1.8336681"/>
 <node id="7810040739" visible="true" version="1" changeset="89358163" timestamp="2020-08-13T12:52:34Z" user="brianboru" uid="9065" lat="52.5906508" lon="-1.8332738"/>
 <node id="7810040742" visible="true" version="1" changeset="89358163" timestamp="2020-08-13T12:52:34Z" user="brianboru" uid="9065" lat="52.5906475" lon="-1.8331718"/>
 <node id="7810040748" visible="true" version="1" changeset="89358163" timestamp="2020-08-13T12:52:34Z" user="brianboru" uid="9065" lat="52.5897529" lon="-1.8320990"/>
 <node id="7810040750" visible="true" version="1" changeset="89358163" timestamp="2020-08-13T12:52:34Z" user="brianboru" uid="9065" lat="52.5889936" lon="-1.8312380"/>
 <node id="7810040751" visible="true" version="2" changeset="183962289" timestamp="2026-06-11T09:43:01Z" user="Casey_boy" uid="122844" lat="52.5884245" lon="-1.8306465"/>
 <node id="7843965657" visible="true" version="1" changeset="89927626" timestamp="2020-08-25T17:25:12Z" user="Mike Baggaley" uid="873940" lat="52.5874092" lon="-1.8300038"/>
 <node id="7843965658" visible="true" version="1" changeset="89927626" timestamp="2020-08-25T17:25:12Z" user="Mike Baggaley" uid="873940" lat="52.5877473" lon="-1.8301858"/>
 <node id="7916567832" visible="true" version="1" changeset="91039023" timestamp="2020-09-17T10:13:47Z" user="brianboru" uid="9065" lat="52.5988250" lon="-1.8319058"/>
 <node id="7916567833" visible="true" version="1" changeset="91039023" timestamp="2020-09-17T10:13:47Z" user="brianboru" uid="9065" lat="52.5988364" lon="-1.8308195"/>
 <node id="7916567836" visible="true" version="1" changeset="91039023" timestamp="2020-09-17T10:13:47Z" user="brianboru" uid="9065" lat="52.5974419" lon="-1.8320260"/>
 <node id="7916567876" visible="true" version="1" changeset="91039023" timestamp="2020-09-17T10:13:47Z" user="brianboru" uid="9065" lat="52.5989406" lon="-1.8318951"/>
 <node id="7916567877" visible="true" version="1" changeset="91039023" timestamp="2020-09-17T10:13:47Z" user="brianboru" uid="9065" lat="52.5991361" lon="-1.8318763"/>
 <node id="7916567878" visible="true" version="1" changeset="91039023" timestamp="2020-09-17T10:13:47Z" user="brianboru" uid="9065" lat="52.5991459" lon="-1.8311709"/>
 <node id="8029112884" visible="true" version="1" changeset="92824659" timestamp="2020-10-21T10:24:28Z" user="degmadhu" uid="11734024" lat="52.5982798" lon="-1.8395497"/>
 <node id="8445951461" visible="true" version="1" changeset="99752778" timestamp="2021-02-22T14:08:44Z" user="brianboru" uid="9065" lat="52.5887948" lon="-1.8257421"/>
 <node id="8536286755" visible="true" version="2" changeset="148397560" timestamp="2024-03-08T18:56:48Z" user="blackadder" uid="735" lat="52.5876954" lon="-1.8253134"/>
 <node id="10075081379" visible="true" version="2" changeset="183960793" timestamp="2026-06-11T09:06:09Z" user="Casey_boy" uid="122844" lat="52.5879990" lon="-1.8314233"/>
 <node id="10075081381" visible="true" version="2" changeset="183960793" timestamp="2026-06-11T09:06:09Z" user="Casey_boy" uid="122844" lat="52.5880507" lon="-1.8315208"/>
 <node id="10075081382" visible="true" version="2" changeset="183960793" timestamp="2026-06-11T09:06:09Z" user="Casey_boy" uid="122844" lat="52.5881248" lon="-1.8316032"/>
 <node id="10075081384" visible="true" version="3" changeset="183960793" timestamp="2026-06-11T09:06:09Z" user="Casey_boy" uid="122844" lat="52.5881592" lon="-1.8316245"/>
 <node id="10075081385" visible="true" version="3" changeset="183960793" timestamp="2026-06-11T09:06:09Z" user="Casey_boy" uid="122844" lat="52.5882020" lon="-1.8316748"/>
 <node id="10075081387" visible="true" version="3" changeset="183960793" timestamp="2026-06-11T09:06:09Z" user="Casey_boy" uid="122844" lat="52.5882609" lon="-1.8317344"/>
 <node id="10075081388" visible="true" version="3" changeset="183960793" timestamp="2026-06-11T09:06:09Z" user="Casey_boy" uid="122844" lat="52.5883268" lon="-1.8317791"/>
 <node id="10076706303" visible="true" version="2" changeset="183960793" timestamp="2026-06-11T09:06:09Z" user="Casey_boy" uid="122844" lat="52.5883869" lon="-1.8318333"/>
 <node id="10076706310" visible="true" version="2" changeset="183960793" timestamp="2026-06-11T09:06:09Z" user="Casey_boy" uid="122844" lat="52.5885254" lon="-1.8319464"/>
 <node id="10747004980" visible="true" version="1" changeset="133876527" timestamp="2023-03-19T22:39:09Z" user="Ryan Underwood _01" uid="12501819" lat="52.5875600" lon="-1.8273515"/>
 <node id="10747004981" visible="true" version="1" changeset="133876527" timestamp="2023-03-19T22:39:09Z" user="Ryan Underwood _01" uid="12501819" lat="52.5879053" lon="-1.8280219"/>
 <node id="10747004983" visible="true" version="1" changeset="133876527" timestamp="2023-03-19T22:39:09Z" user="Ryan Underwood _01" uid="12501819" lat="52.5878048" lon="-1.8278770"/>
 <node id="10747004984" visible="true" version="1" changeset="133876527" timestamp="2023-03-19T22:39:09Z" user="Ryan Underwood _01" uid="12501819" lat="52.5879026" lon="-1.8278911"/>
 <node id="10747004985" visible="true" version="2" changeset="148397560" timestamp="2024-03-08T18:56:48Z" user="blackadder" uid="735" lat="52.5877076" lon="-1.8251796"/>
 <node id="10747004996" visible="true" version="2" changeset="148397560" timestamp="2024-03-08T18:56:48Z" user="blackadder" uid="735" lat="52.5876513" lon="-1.8260446"/>
 <node id="13852779354" visible="true" version="1" changeset="182928787" timestamp="2026-05-20T13:34:12Z" user="Casey_boy" uid="122844" lat="52.5988283" lon="-1.8388288"/>
 <node id="13852779355" visible="true" version="1" changeset="182928787" timestamp="2026-05-20T13:34:12Z" user="Casey_boy" uid="122844" lat="52.5990734" lon="-1.8375171"/>
 <node id="13852779358" visible="true" version="2" changeset="182930631" timestamp="2026-05-20T14:14:28Z" user="Casey_boy" uid="122844" lat="52.5986472" lon="-1.8371394"/>
 <node id="13852779359" visible="true" version="2" changeset="182930631" timestamp="2026-05-20T14:14:28Z" user="Casey_boy" uid="122844" lat="52.5980932" lon="-1.8363211"/>
 <node id="13852779360" visible="true" version="1" changeset="182928787" timestamp="2026-05-20T13:34:12Z" user="Casey_boy" uid="122844" lat="52.5987801" lon="-1.8373023"/>
 <node id="13852935048" visible="true" version="1" changeset="182930631" timestamp="2026-05-20T14:14:28Z" user="Casey_boy" uid="122844" lat="52.5976940" lon="-1.8347315"/>
 <node id="13889007596" visible="true" version="1" changeset="183269529" timestamp="2026-05-27T18:19:33Z" user="Casey_boy" uid="122844" lat="52.5878448" lon="-1.8270410"/>
 <node id="13889007597" visible="true" version="1" changeset="183269529" timestamp="2026-05-27T18:19:33Z" user="Casey_boy" uid="122844" lat="52.5876836" lon="-1.8270221"/>
 <node id="13889066211" visible="true" version="1" changeset="183269529" timestamp="2026-05-27T18:19:33Z" user="Casey_boy" uid="122844" lat="52.5886188" lon="-1.8248164"/>
 <node id="13889066212" visible="true" version="1" changeset="183269529" timestamp="2026-05-27T18:19:33Z" user="Casey_boy" uid="122844" lat="52.5876041" lon="-1.8279966"/>
 <node id="13889066213" visible="true" version="1" changeset="183269529" timestamp="2026-05-27T18:19:33Z" user="Casey_boy" uid="122844" lat="52.5876041" lon="-1.8279966"/>
 <node id="13889066214" visible="true" version="1" changeset="183269529" timestamp="2026-05-27T18:19:33Z" user="Casey_boy" uid="122844" lat="52.5876543" lon="-1.8280033"/>
 <node id="13907712745" visible="true" version="1" changeset="183604524" timestamp="2026-06-03T16:53:22Z" user="Casey_boy" uid="122844" lat="52.5932156" lon="-1.8345532"/>
 <node id="13907712746" visible="true" version="1" changeset="183604524" timestamp="2026-06-03T16:53:22Z" user="Casey_boy" uid="122844" lat="52.5930293" lon="-1.8344337"/>
 <node id="13907712747" visible="true" version="1" changeset="183604524" timestamp="2026-06-03T16:53:22Z" user="Casey_boy" uid="122844" lat="52.5928881" lon="-1.8352978"/>
 <node id="13928293137" visible="true" version="1" changeset="183959417" timestamp="2026-06-11T08:36:46Z" user="Casey_boy" uid="122844" lat="52.5873183" lon="-1.8176503"/>
 <node id="13928293138" visible="true" version="1" changeset="183959417" timestamp="2026-06-11T08:36:46Z" user="Casey_boy" uid="122844" lat="52.5874596" lon="-1.8173402"/>
 <node id="13928293139" visible="true" version="1" changeset="183959417" timestamp="2026-06-11T08:36:46Z" user="Casey_boy" uid="122844" lat="52.5876230" lon="-1.8178096"/>
 <node id="13928293140" visible="true" version="1" changeset="183959417" timestamp="2026-06-11T08:36:46Z" user="Casey_boy" uid="122844" lat="52.5876113" lon="-1.8177991"/>
 <node id="13928297419" visible="true" version="1" changeset="183959244" timestamp="2026-06-11T08:32:49Z" user="Casey_boy" uid="122844" lat="52.5889459" lon="-1.8195851"/>
 <node id="13928297420" visible="true" version="1" changeset="183959244" timestamp="2026-06-11T08:32:49Z" user="Casey_boy" uid="122844" lat="52.5881186" lon="-1.8192511"/>
 <node id="13928297421" visible="true" version="1" changeset="183959244" timestamp="2026-06-11T08:32:49Z" user="Casey_boy" uid="122844" lat="52.5886907" lon="-1.8201794"/>
 <node id="13928297422" visible="true" version="1" changeset="183959244" timestamp="2026-06-11T08:32:49Z" user="Casey_boy" uid="122844" lat="52.5886591" lon="-1.8203294"/>
 <node id="13928329686" visible="true" version="1" changeset="183960120" timestamp="2026-06-11T08:51:27Z" user="Casey_boy" uid="122844" lat="52.5885313" lon="-1.8234615"/>
 <node id="13928329687" visible="true" version="1" changeset="183960120" timestamp="2026-06-11T08:51:27Z" user="Casey_boy" uid="122844" lat="52.5885214" lon="-1.8226572"/>
 <node id="13928329688" visible="true" version="1" changeset="183960120" timestamp="2026-06-11T08:51:27Z" user="Casey_boy" uid="122844" lat="52.5883808" lon="-1.8226641"/>
 <node id="13928329689" visible="true" version="1" changeset="183960120" timestamp="2026-06-11T08:51:27Z" user="Casey_boy" uid="122844" lat="52.5883850" lon="-1.8234220"/>
 <node id="13928367009" visible="true" version="1" changeset="183960793" timestamp="2026-06-11T09:06:09Z" user="Casey_boy" uid="122844" lat="52.5874208" lon="-1.8317731"/>
 <node id="13928367013" visible="true" version="1" changeset="183960793" timestamp="2026-06-11T09:06:09Z" user="Casey_boy" uid="122844" lat="52.5877438" lon="-1.8320904"/>
 <node id="13928421951" visible="true" version="1" changeset="183962289" timestamp="2026-06-11T09:43:01Z" user="Casey_boy" uid="122844" lat="52.5880932" lon="-1.8300101"/>
 <node id="13928421952" visible="true" version="1" changeset="183962289" timestamp="2026-06-11T09:43:01Z" user="Casey_boy" uid="122844" lat="52.5880905" lon="-1.8300225"/>
 <node id="13928421953" visible="true" version="1" changeset="183962289" timestamp="2026-06-11T09:43:01Z" user="Casey_boy" uid="122844" lat="52.5882483" lon="-1.8305125"/>
 <node id="13928421954" visible="true" version="1" changeset="183962289" timestamp="2026-06-11T09:43:01Z" user="Casey_boy" uid="122844" lat="52.5878499" lon="-1.8299333"/>
 <node id="13928421955" visible="true" version="1" changeset="183962289" timestamp="2026-06-11T09:43:01Z" user="Casey_boy" uid="122844" lat="52.5878327" lon="-1.8299450"/>
 <node id="13928421956" visible="true" version="1" changeset="183962289" timestamp="2026-06-11T09:43:01Z" user="Casey_boy" uid="122844" lat="52.5878173" lon="-1.8299633"/>
 <node id="13928421957" visible="true" version="1" changeset="183962289" timestamp="2026-06-11T09:43:01Z" user="Casey_boy" uid="122844" lat="52.5878069" lon="-1.8299843"/>
 <node id="13928421958" visible="true" version="1" changeset="183962289" timestamp="2026-06-11T09:43:01Z" user="Casey_boy" uid="122844" lat="52.5878019" lon="-1.8300156"/>
 <node id="13928421959" visible="true" version="1" changeset="183962289" timestamp="2026-06-11T09:43:01Z" user="Casey_boy" uid="122844" lat="52.5878033" lon="-1.8300511"/>
 <node id="13928421960" visible="true" version="1" changeset="183962289" timestamp="2026-06-11T09:43:01Z" user="Casey_boy" uid="122844" lat="52.5878091" lon="-1.8300786"/>
 <node id="13928421961" visible="true" version="1" changeset="183962289" timestamp="2026-06-11T09:43:01Z" user="Casey_boy" uid="122844" lat="52.5878344" lon="-1.8301454"/>
 <node id="13928421962" visible="true" version="1" changeset="183962289" timestamp="2026-06-11T09:43:01Z" user="Casey_boy" uid="122844" lat="52.5878973" lon="-1.8302406"/>
 <node id="13928421963" visible="true" version="1" changeset="183962289" timestamp="2026-06-11T09:43:01Z" user="Casey_boy" uid="122844" lat="52.5879665" lon="-1.8302959"/>
 <node id="13928421964" visible="true" version="1" changeset="183962289" timestamp="2026-06-11T09:43:01Z" user="Casey_boy" uid="122844" lat="52.5878232" lon="-1.8299717"/>
 <node id="13928421965" visible="true" version="1" changeset="183962289" timestamp="2026-06-11T09:43:01Z" user="Casey_boy" uid="122844" lat="52.5878197" lon="-1.8300920"/>
 <node id="13928421966" visible="true" version="1" changeset="183962289" timestamp="2026-06-11T09:43:01Z" user="Casey_boy" uid="122844" lat="52.5868140" lon="-1.8302648"/>
 <node id="13928485543" visible="true" version="1" changeset="183962781" timestamp="2026-06-11T09:54:52Z" user="Casey_boy" uid="122844" lat="52.5872787" lon="-1.8301734"/>
 <node id="13928485544" visible="true" version="1" changeset="183962781" timestamp="2026-06-11T09:54:52Z" user="Casey_boy" uid="122844" lat="52.5871608" lon="-1.8304930"/>
 <node id="13928485545" visible="true" version="1" changeset="183962781" timestamp="2026-06-11T09:54:52Z" user="Casey_boy" uid="122844" lat="52.5872033" lon="-1.8305016"/>
 <node id="13928485546" visible="true" version="1" changeset="183962781" timestamp="2026-06-11T09:54:52Z" user="Casey_boy" uid="122844" lat="52.5874031" lon="-1.8300875"/>
 <node id="13928485547" visible="true" version="1" changeset="183962781" timestamp="2026-06-11T09:54:52Z" user="Casey_boy" uid="122844" lat="52.5874026" lon="-1.8302018"/>
 <node id="13928485548" visible="true" version="1" changeset="183962781" timestamp="2026-06-11T09:54:52Z" user="Casey_boy" uid="122844" lat="52.5873883" lon="-1.8305176"/>
 <node id="13928485549" visible="true" version="1" changeset="183962781" timestamp="2026-06-11T09:54:52Z" user="Casey_boy" uid="122844" lat="52.5873290" lon="-1.8304984"/>
 <node id="13928485550" visible="true" version="1" changeset="183962781" timestamp="2026-06-11T09:54:52Z" user="Casey_boy" uid="122844" lat="52.5871904" lon="-1.8301482"/>
 <node id="13928485551" visible="true" version="1" changeset="183962781" timestamp="2026-06-11T09:54:52Z" user="Casey_boy" uid="122844" lat="52.5871077" lon="-1.8302268"/>
 <node id="13928485552" visible="true" version="1" changeset="183962781" timestamp="2026-06-11T09:54:52Z" user="Casey_boy" uid="122844" lat="52.5870863" lon="-1.8304891"/>
 <node id="13928485553" visible="true" version="1" changeset="183962781" timestamp="2026-06-11T09:54:52Z" user="Casey_boy" uid="122844" lat="52.5871421" lon="-1.8304987"/>
 <node id="13928485554" visible="true" version="1" changeset="183962781" timestamp="2026-06-11T09:54:52Z" user="Casey_boy" uid="122844" lat="52.5870929" lon="-1.8304074"/>
 <node id="13928485561" visible="true" version="1" changeset="183962781" timestamp="2026-06-11T09:54:52Z" user="Casey_boy" uid="122844" lat="52.5871039" lon="-1.8302731"/>
 <node id="13928485563" visible="true" version="1" changeset="183962781" timestamp="2026-06-11T09:54:52Z" user="Casey_boy" uid="122844" lat="52.5871321" lon="-1.8300157"/>
 <node id="13928485564" visible="true" version="1" changeset="183962781" timestamp="2026-06-11T09:54:52Z" user="Casey_boy" uid="122844" lat="52.5870974" lon="-1.8301761"/>
 <node id="13928485565" visible="true" version="1" changeset="183962781" timestamp="2026-06-11T09:54:52Z" user="Casey_boy" uid="122844" lat="52.5872429" lon="-1.8302082"/>
 <node id="13931082644" visible="true" version="1" changeset="184014594" timestamp="2026-06-12T12:23:52Z" user="Casey_boy" uid="122844" lat="52.5877433" lon="-1.8303768"/>
 <node id="13931082645" visible="true" version="1" changeset="184014594" timestamp="2026-06-12T12:23:52Z" user="Casey_boy" uid="122844" lat="52.5877094" lon="-1.8303792"/>
 <node id="13938195477" visible="true" version="1" changeset="184089238" timestamp="2026-06-14T10:59:41Z" user="Casey_boy" uid="122844" lat="52.5843833" lon="-1.8281928"/>
 <node id="13938195478" visible="true" version="1" changeset="184089238" timestamp="2026-06-14T10:59:41Z" user="Casey_boy" uid="122844" lat="52.5843937" lon="-1.8281699"/>
 <node id="13938195485" visible="true" version="1" changeset="184089238" timestamp="2026-06-14T10:59:41Z" user="Casey_boy" uid="122844" lat="52.5840985" lon="-1.8288570"/>
 <node id="13938195486" visible="true" version="1" changeset="184089238" timestamp="2026-06-14T10:59:41Z" user="Casey_boy" uid="122844" lat="52.5844924" lon="-1.8269361"/>
 <node id="13938202502" visible="true" version="1" changeset="184089238" timestamp="2026-06-14T10:59:41Z" user="Casey_boy" uid="122844" lat="52.5844551" lon="-1.8265911"/>
 <node id="13938202503" visible="true" version="1" changeset="184089238" timestamp="2026-06-14T10:59:41Z" user="Casey_boy" uid="122844" lat="52.5844488" lon="-1.8266108"/>
 <node id="13938202505" visible="true" version="1" changeset="184089238" timestamp="2026-06-14T10:59:41Z" user="Casey_boy" uid="122844" lat="52.5849865" lon="-1.8283643"/>
 <node id="13938202506" visible="true" version="1" changeset="184089238" timestamp="2026-06-14T10:59:41Z" user="Casey_boy" uid="122844" lat="52.5848848" lon="-1.8283760"/>
 <node id="13938202508" visible="true" version="1" changeset="184089238" timestamp="2026-06-14T10:59:41Z" user="Casey_boy" uid="122844" lat="52.5848100" lon="-1.8283504"/>
 <node id="13938202509" visible="true" version="1" changeset="184089238" timestamp="2026-06-14T10:59:41Z" user="Casey_boy" uid="122844" lat="52.5847336" lon="-1.8282850"/>
 <node id="13938202537" visible="true" version="1" changeset="184089238" timestamp="2026-06-14T10:59:41Z" user="Casey_boy" uid="122844" lat="52.5853439" lon="-1.8283961"/>
 <node id="13945594561" visible="true" version="1" changeset="184186028" timestamp="2026-06-16T14:51:12Z" user="Casey_boy" uid="122844" lat="52.5921143" lon="-1.8203054"/>
 <way id="766" visible="true" version="12" changeset="147973192" timestamp="2024-02-27T13:23:52Z" user="pigsonthewing" uid="139424">
  <nd ref="210421"/>
  <nd ref="5315129279"/>
  <nd ref="4550939282"/>
  <nd ref="831328359"/>
  <tag k="gritting" v="priority_3"/>
  <tag k="highway" v="secondary"/>
  <tag k="lanes" v="2"/>
  <tag k="lit" v="yes"/>
  <tag k="maintenance" v="gritting"/>
  <tag k="maxspeed" v="30 mph"/>
  <tag k="name" v="Mere Green Road"/>
  <tag k="oneway" v="yes"/>
  <tag k="parking:both" v="no"/>
  <tag k="ref" v="B4151"/>
  <tag k="surface" v="asphalt"/>
 </way>
 <way id="831" visible="true" version="9" changeset="147973192" timestamp="2024-02-27T13:23:17Z" user="pigsonthewing" uid="139424">
  <nd ref="210417"/>
  <nd ref="1461512012"/>
  <nd ref="1461511975"/>
  <nd ref="210427"/>
  <tag k="gritting" v="priority_2"/>
  <tag k="highway" v="primary"/>
  <tag k="lanes" v="1"/>
  <tag k="lit" v="yes"/>
  <tag k="maintenance" v="gritting"/>
  <tag k="maxspeed" v="30 mph"/>
  <tag k="name" v="Lichfield Road"/>
  <tag k="oneway" v="yes"/>
  <tag k="parking:both" v="no"/>
  <tag k="ref" v="A5127"/>
  <tag k="surface" v="asphalt"/>
 </way>
 <way id="2616" visible="true" version="20" changeset="147973061" timestamp="2024-02-27T13:20:33Z" user="pigsonthewing" uid="139424">
  <nd ref="210392"/>
  <nd ref="1930483582"/>
  <nd ref="210395"/>
  <nd ref="8029112884"/>
  <nd ref="210396"/>
  <nd ref="431364064"/>
  <nd ref="210397"/>
  <nd ref="6870460651"/>
  <nd ref="210398"/>
  <nd ref="210399"/>
  <nd ref="2502676"/>
  <nd ref="210400"/>
  <nd ref="2502666"/>
  <nd ref="2502668"/>
  <nd ref="210401"/>
  <nd ref="2502655"/>
  <nd ref="2502656"/>
  <nd ref="2397150818"/>
  <nd ref="1275584507"/>
  <nd ref="210403"/>
  <nd ref="1275584298"/>
  <nd ref="6173476417"/>
  <nd ref="210404"/>
  <nd ref="2502631"/>
  <nd ref="2502630"/>
  <nd ref="7810040739"/>
  <nd ref="2502629"/>
  <nd ref="210405"/>
  <nd ref="2502628"/>
  <nd ref="2502626"/>
  <nd ref="5315129249"/>
  <nd ref="2502627"/>
  <nd ref="210406"/>
  <nd ref="5315129307"/>
  <nd ref="210409"/>
  <tag k="DfT_AADF" v="7433"/>
  <tag k="DfT_AADF_bus" v="30"/>
  <tag k="DfT_AADF_car" v="6628"/>
  <tag k="DfT_AADF_hgv" v="72"/>
  <tag k="DfT_AADF_lgv" v="668"/>
  <tag k="DfT_AADF_year" v="2013"/>
  <tag k="gritting" v="priority_2"/>
  <tag k="highway" v="primary"/>
  <tag k="lanes" v="2"/>
  <tag k="lit" v="yes"/>
  <tag k="maintenance" v="gritting"/>
  <tag k="maxspeed" v="30 mph"/>
  <tag k="name" v="Lichfield Road"/>
  <tag k="ref" v="A5127"/>
  <tag k="surface" v="asphalt"/>
 </way>
 <way id="8119761" visible="true" version="12" changeset="147973192" timestamp="2024-02-27T13:23:24Z" user="pigsonthewing" uid="139424">
  <nd ref="210423"/>
  <nd ref="4550939283"/>
  <nd ref="3541553902"/>
  <tag k="gritting" v="priority_3"/>
  <tag k="highway" v="secondary"/>
  <tag k="lanes" v="2"/>
  <tag k="lit" v="yes"/>
  <tag k="maintenance" v="gritting"/>
  <tag k="maxspeed" v="30 mph"/>
  <tag k="name" v="Belwell Lane"/>
  <tag k="oneway" v="yes"/>
  <tag k="parking:both" v="no"/>
  <tag k="ref" v="B4151"/>
  <tag k="surface" v="asphalt"/>
 </way>
 <way id="8119762" visible="true" version="20" changeset="148397293" timestamp="2024-03-08T18:48:05Z" user="blackadder" uid="735">
  <nd ref="1870973185"/>
  <nd ref="1870973184"/>
  <nd ref="1870973186"/>
  <nd ref="1870973188"/>
  <nd ref="1952544556"/>
  <nd ref="215263"/>
  <nd ref="1870973196"/>
  <nd ref="244062"/>
  <nd ref="1632636009"/>
  <nd ref="1870973209"/>
  <nd ref="1632636012"/>
  <nd ref="215261"/>
  <nd ref="1870973218"/>
  <nd ref="898716757"/>
  <nd ref="1870973222"/>
  <nd ref="215260"/>
  <nd ref="215259"/>
  <nd ref="2438530"/>
  <nd ref="215258"/>
  <nd ref="1275584254"/>
  <nd ref="2070906824"/>
  <nd ref="215257"/>
  <nd ref="10747004985"/>
  <nd ref="8536286755"/>
  <nd ref="1461512051"/>
  <nd ref="10747004996"/>
  <nd ref="210422"/>
  <nd ref="1794652953"/>
  <nd ref="10747004980"/>
  <nd ref="6528083571"/>
  <nd ref="1794652951"/>
  <nd ref="1275584374"/>
  <nd ref="1461512019"/>
  <nd ref="6869468558"/>
  <nd ref="5120287333"/>
  <nd ref="210421"/>
  <tag k="gritting" v="priority_3"/>
  <tag k="highway" v="secondary"/>
  <tag k="lanes" v="2"/>
  <tag k="lit" v="yes"/>
  <tag k="maintenance" v="gritting"/>
  <tag k="maxspeed" v="30 mph"/>
  <tag k="name" v="Mere Green Road"/>
  <tag k="ref" v="B4151"/>
  <tag k="surface" v="asphalt"/>
 </way>
 <way id="8120036" visible="true" version="9" changeset="147973192" timestamp="2024-02-27T13:23:30Z" user="pigsonthewing" uid="139424">
  <nd ref="210412"/>
  <nd ref="210409"/>
  <tag k="gritting" v="priority_2"/>
  <tag k="highway" v="primary"/>
  <tag k="lanes" v="1"/>
  <tag k="lit" v="yes"/>
  <tag k="maintenance" v="gritting"/>
  <tag k="maxspeed" v="30 mph"/>
  <tag k="name" v="Lichfield Road"/>
  <tag k="oneway" v="yes"/>
  <tag k="parking:both" v="no"/>
  <tag k="ref" v="A5127"/>
  <tag k="surface" v="asphalt"/>
 </way>
 <way id="41698531" visible="true" version="8" changeset="147973192" timestamp="2024-02-27T13:23:37Z" user="pigsonthewing" uid="139424">
  <nd ref="210409"/>
  <nd ref="4550939284"/>
  <nd ref="210408"/>
  <tag k="gritting" v="priority_2"/>
  <tag k="highway" v="primary"/>
  <tag k="lanes" v="1"/>
  <tag k="lit" v="yes"/>
  <tag k="maintenance" v="gritting"/>
  <tag k="maxspeed" v="30 mph"/>
  <tag k="name" v="Lichfield Road"/>
  <tag k="oneway" v="yes"/>
  <tag k="parking:both" v="no"/>
  <tag k="ref" v="A5127"/>
  <tag k="surface" v="asphalt"/>
 </way>
 <way id="41698532" visible="true" version="9" changeset="147973192" timestamp="2024-02-27T13:23:46Z" user="pigsonthewing" uid="139424">
  <nd ref="210419"/>
  <nd ref="5315129280"/>
  <nd ref="210421"/>
  <tag k="gritting" v="priority_3"/>
  <tag k="highway" v="secondary"/>
  <tag k="lanes" v="1"/>
  <tag k="lit" v="yes"/>
  <tag k="maintenance" v="gritting"/>
  <tag k="maxspeed" v="30 mph"/>
  <tag k="name" v="Mere Green Road"/>
  <tag k="oneway" v="yes"/>
  <tag k="parking:both" v="no"/>
  <tag k="ref" v="B4151"/>
  <tag k="surface" v="asphalt"/>
 </way>
 <way id="41698533" visible="true" version="9" changeset="183962781" timestamp="2026-06-11T09:54:52Z" user="Casey_boy" uid="122844">
  <nd ref="210427"/>
  <nd ref="13928485563"/>
  <nd ref="1461511984"/>
  <nd ref="1461511995"/>
  <nd ref="13928485546"/>
  <nd ref="831328491"/>
  <tag k="gritting" v="priority_2"/>
  <tag k="highway" v="primary"/>
  <tag k="lanes" v="2"/>
  <tag k="lit" v="yes"/>
  <tag k="maintenance" v="gritting"/>
  <tag k="maxspeed" v="30 mph"/>
  <tag k="name" v="Lichfield Road"/>
  <tag k="oneway" v="yes"/>
  <tag k="parking:both" v="no"/>
  <tag k="ref" v="A5127"/>
  <tag k="surface" v="asphalt"/>
 </way>
 <way id="41698534" visible="true" version="8" changeset="147973192" timestamp="2024-02-27T13:23:27Z" user="pigsonthewing" uid="139424">
  <nd ref="210414"/>
  <nd ref="1461512050"/>
  <nd ref="210423"/>
  <tag k="gritting" v="priority_3"/>
  <tag k="highway" v="secondary"/>
  <tag k="lanes" v="1"/>
  <tag k="lit" v="yes"/>
  <tag k="maintenance" v="gritting"/>
  <tag k="maxspeed" v="30 mph"/>
  <tag k="name" v="Belwell Lane"/>
  <tag k="oneway" v="yes"/>
  <tag k="parking:both" v="no"/>
  <tag k="ref" v="B4151"/>
  <tag k="surface" v="asphalt"/>
 </way>
 <way id="69409243" visible="true" version="10" changeset="147973061" timestamp="2024-02-27T13:21:32Z" user="pigsonthewing" uid="139424">
  <nd ref="210412"/>
  <nd ref="831328324"/>
  <nd ref="7843965658"/>
  <nd ref="210408"/>
  <nd ref="831328336"/>
  <nd ref="831328337"/>
  <tag k="gritting" v="priority_2"/>
  <tag k="highway" v="primary"/>
  <tag k="junction" v="roundabout"/>
  <tag k="lanes" v="1"/>
  <tag k="lit" v="yes"/>
  <tag k="maintenance" v="gritting"/>
  <tag k="maxspeed" v="30 mph"/>
  <tag k="surface" v="asphalt"/>
 </way>
 <way id="69409246" visible="true" version="7" changeset="147973061" timestamp="2024-02-27T13:21:05Z" user="pigsonthewing" uid="139424">
  <nd ref="210417"/>
  <nd ref="831328434"/>
  <nd ref="7843965657"/>
  <nd ref="210416"/>
  <nd ref="831328491"/>
  <tag k="gritting" v="priority_2"/>
  <tag k="highway" v="primary"/>
  <tag k="junction" v="roundabout"/>
  <tag k="lanes" v="1"/>
  <tag k="lit" v="yes"/>
  <tag k="maintenance" v="gritting"/>
  <tag k="maxspeed" v="30 mph"/>
  <tag k="surface" v="asphalt"/>
 </way>
 <way id="69598167" visible="true" version="7" changeset="147973061" timestamp="2024-02-27T13:21:42Z" user="pigsonthewing" uid="139424">
  <nd ref="294097"/>
  <nd ref="2502633"/>
  <nd ref="1275584473"/>
  <nd ref="294098"/>
  <nd ref="1275584375"/>
  <nd ref="5315128515"/>
  <nd ref="1275584197"/>
  <nd ref="2502618"/>
  <nd ref="1963079107"/>
  <nd ref="1275584362"/>
  <nd ref="5315129230"/>
  <nd ref="1275584462"/>
  <nd ref="1275584206"/>
  <nd ref="294099"/>
  <nd ref="1275584338"/>
  <nd ref="294100"/>
  <nd ref="1275584443"/>
  <nd ref="4550939281"/>
  <nd ref="5315129276"/>
  <nd ref="1275584513"/>
  <tag k="abutters" v="residential"/>
  <tag k="highway" v="unclassified"/>
  <tag k="lit" v="yes"/>
  <tag k="name" v="Hill Village Road"/>
  <tag k="postal_code" v="B75"/>
  <tag k="surface" v="asphalt"/>
 </way>
 <way id="71594986" visible="true" version="6" changeset="147973061" timestamp="2024-02-27T13:21:01Z" user="pigsonthewing" uid="139424">
  <nd ref="210419"/>
  <nd ref="831328356"/>
  <nd ref="831328359"/>
  <tag k="gritting" v="priority_2"/>
  <tag k="highway" v="primary"/>
  <tag k="junction" v="roundabout"/>
  <tag k="lanes" v="1"/>
  <tag k="lit" v="yes"/>
  <tag k="maintenance" v="gritting"/>
  <tag k="maxspeed" v="30 mph"/>
  <tag k="surface" v="asphalt"/>
 </way>
 <way id="71594987" visible="true" version="5" changeset="147973061" timestamp="2024-02-27T13:21:08Z" user="pigsonthewing" uid="139424">
  <nd ref="831328359"/>
  <nd ref="210417"/>
  <tag k="gritting" v="priority_2"/>
  <tag k="highway" v="primary"/>
  <tag k="junction" v="roundabout"/>
  <tag k="lanes" v="1"/>
  <tag k="lit" v="yes"/>
  <tag k="maintenance" v="gritting"/>
  <tag k="maxspeed" v="30 mph"/>
  <tag k="surface" v="asphalt"/>
 </way>
 <way id="132844166" visible="true" version="6" changeset="147973061" timestamp="2024-02-27T13:21:12Z" user="pigsonthewing" uid="139424">
  <nd ref="831328491"/>
  <nd ref="210414"/>
  <tag k="gritting" v="priority_2"/>
  <tag k="highway" v="primary"/>
  <tag k="junction" v="roundabout"/>
  <tag k="lanes" v="1"/>
  <tag k="lit" v="yes"/>
  <tag k="maintenance" v="gritting"/>
  <tag k="maxspeed" v="30 mph"/>
  <tag k="surface" v="asphalt"/>
 </way>
 <way id="132844169" visible="true" version="3" changeset="147972837" timestamp="2024-02-27T13:16:19Z" user="pigsonthewing" uid="139424">
  <nd ref="1275584374"/>
  <nd ref="1461512010"/>
  <nd ref="5120287331"/>
  <nd ref="5120287325"/>
  <nd ref="5120287328"/>
  <nd ref="1461511961"/>
  <tag k="highway" v="service"/>
  <tag k="source" v="BING"/>
  <tag k="surface" v="asphalt"/>
 </way>
 <way id="150348826" visible="true" version="7" changeset="147973061" timestamp="2024-02-27T13:21:38Z" user="pigsonthewing" uid="139424">
  <nd ref="210414"/>
  <nd ref="1632680610"/>
  <nd ref="3541553902"/>
  <tag k="gritting" v="priority_2"/>
  <tag k="highway" v="primary"/>
  <tag k="junction" v="roundabout"/>
  <tag k="lanes" v="1"/>
  <tag k="lit" v="yes"/>
  <tag k="maintenance" v="gritting"/>
  <tag k="maxspeed" v="30 mph"/>
  <tag k="surface" v="asphalt"/>
 </way>
 <way id="168171986" visible="true" version="1" changeset="11949890" timestamp="2012-06-19T16:23:41Z" user="blackadder" uid="735">
  <nd ref="1794652951"/>
  <nd ref="1794652923"/>
  <nd ref="1794652921"/>
  <nd ref="1794652919"/>
  <nd ref="1794652915"/>
  <nd ref="1794652910"/>
  <nd ref="1794652908"/>
  <tag k="highway" v="pedestrian"/>
  <tag k="source" v="BING"/>
 </way>
 <way id="176439401" visible="true" version="66" changeset="184186028" timestamp="2026-06-16T14:51:12Z" user="Casey_boy" uid="122844">
  <nd ref="1869933980"/>
  <nd ref="7810040708"/>
  <nd ref="7810040709"/>
  <nd ref="7810040711"/>
  <nd ref="7810040712"/>
  <nd ref="7810040713"/>
  <nd ref="7810040719"/>
  <nd ref="7810040718"/>
  <nd ref="7810040721"/>
  <nd ref="7810040722"/>
  <nd ref="7810040725"/>
  <nd ref="7810040728"/>
  <nd ref="7810040727"/>
  <nd ref="7810040730"/>
  <nd ref="7810040731"/>
  <nd ref="7810040732"/>
  <nd ref="13907712745"/>
  <nd ref="13907712746"/>
  <nd ref="13907712747"/>
  <nd ref="1970056432"/>
  <nd ref="1970056453"/>
  <nd ref="1970056448"/>
  <nd ref="1970056446"/>
  <nd ref="1970056444"/>
  <nd ref="1970056440"/>
  <nd ref="1969956358"/>
  <nd ref="1969956373"/>
  <nd ref="1969956371"/>
  <nd ref="1970026770"/>
  <nd ref="1951122372"/>
  <nd ref="1951122374"/>
  <nd ref="1951122370"/>
  <nd ref="1969956353"/>
  <nd ref="1970059354"/>
  <nd ref="1969956345"/>
  <nd ref="7810040737"/>
  <nd ref="7810040742"/>
  <nd ref="7810040748"/>
  <nd ref="7810040750"/>
  <nd ref="7810040751"/>
  <nd ref="1942696790"/>
  <nd ref="5315129310"/>
  <nd ref="1942696766"/>
  <nd ref="1942696767"/>
  <nd ref="7809980355"/>
  <nd ref="7809980354"/>
  <nd ref="7809980356"/>
  <nd ref="1942696763"/>
  <nd ref="1869728715"/>
  <nd ref="1942696764"/>
  <nd ref="1942696761"/>
  <nd ref="1869728714"/>
  <nd ref="1952230153"/>
  <nd ref="1869728722"/>
  <nd ref="1869728765"/>
  <nd ref="1869728773"/>
  <nd ref="1955168548"/>
  <nd ref="1955168545"/>
  <nd ref="1869728769"/>
  <nd ref="1869728726"/>
  <nd ref="8445951461"/>
  <nd ref="1955032008"/>
  <nd ref="1955032007"/>
  <nd ref="1869728724"/>
  <nd ref="13889066211"/>
  <nd ref="1942696798"/>
  <nd ref="1869728762"/>
  <nd ref="1942696797"/>
  <nd ref="1955168499"/>
  <nd ref="1955168497"/>
  <nd ref="1869728729"/>
  <nd ref="1794652957"/>
  <nd ref="1794652958"/>
  <nd ref="13928329686"/>
  <nd ref="13928329687"/>
  <nd ref="13928329688"/>
  <nd ref="13928329689"/>
  <nd ref="1962572225"/>
  <nd ref="1962572188"/>
  <nd ref="1794652960"/>
  <nd ref="1962572174"/>
  <nd ref="1870973233"/>
  <nd ref="1870973228"/>
  <nd ref="1870973231"/>
  <nd ref="1962551087"/>
  <nd ref="1870973225"/>
  <nd ref="1870973219"/>
  <nd ref="1870973220"/>
  <nd ref="1870973217"/>
  <nd ref="1870973215"/>
  <nd ref="1870973208"/>
  <nd ref="447585093"/>
  <nd ref="447585094"/>
  <nd ref="6762880922"/>
  <nd ref="1632646858"/>
  <nd ref="1632646852"/>
  <nd ref="1632646853"/>
  <nd ref="1632646851"/>
  <nd ref="3017455868"/>
  <nd ref="1870973197"/>
  <nd ref="1870973183"/>
  <nd ref="13938202537"/>
  <nd ref="1870973179"/>
  <nd ref="1870973174"/>
  <nd ref="1870973177"/>
  <nd ref="1870973176"/>
  <nd ref="13938202505"/>
  <nd ref="1954998572"/>
  <nd ref="13938202506"/>
  <nd ref="1870973172"/>
  <nd ref="13938202508"/>
  <nd ref="13938202509"/>
  <nd ref="1870973171"/>
  <nd ref="1870973168"/>
  <nd ref="13938195477"/>
  <nd ref="13938195478"/>
  <nd ref="1870973166"/>
  <nd ref="1870973167"/>
  <nd ref="1870973164"/>
  <nd ref="13938195486"/>
  <nd ref="1870973169"/>
  <nd ref="13938202503"/>
  <nd ref="13938202502"/>
  <nd ref="1870973159"/>
  <nd ref="1870973155"/>
  <nd ref="1870973163"/>
  <nd ref="1870973161"/>
  <nd ref="1870973160"/>
  <nd ref="13938195485"/>
  <nd ref="1870973181"/>
  <nd ref="1870973195"/>
  <nd ref="1870973203"/>
  <nd ref="1870973214"/>
  <nd ref="13928421966"/>
  <nd ref="1942696527"/>
  <nd ref="1942696541"/>
  <nd ref="1870973211"/>
  <nd ref="1870973199"/>
  <nd ref="1870973182"/>
  <nd ref="1870973170"/>
  <nd ref="1870973156"/>
  <nd ref="1870973150"/>
  <nd ref="1954986959"/>
  <nd ref="1954986957"/>
  <nd ref="1870979772"/>
  <nd ref="1870979771"/>
  <nd ref="1870979769"/>
  <nd ref="1870979767"/>
  <nd ref="1870979765"/>
  <nd ref="1461542094"/>
  <nd ref="1870979746"/>
  <nd ref="1870979745"/>
  <nd ref="1870979743"/>
  <nd ref="1870979741"/>
  <nd ref="1870979737"/>
  <nd ref="1870979735"/>
  <nd ref="2489410373"/>
  <nd ref="1870981714"/>
  <nd ref="1870981715"/>
  <nd ref="1870979736"/>
  <nd ref="1870979739"/>
  <nd ref="1870973149"/>
  <nd ref="1870973153"/>
  <nd ref="1955015846"/>
  <nd ref="1870973162"/>
  <nd ref="1870973178"/>
  <nd ref="1870973180"/>
  <nd ref="1870973198"/>
  <nd ref="1870973200"/>
  <nd ref="1952544557"/>
  <nd ref="1870973194"/>
  <nd ref="244063"/>
  <nd ref="3860932451"/>
  <nd ref="1870973202"/>
  <nd ref="1870973210"/>
  <nd ref="1870973212"/>
  <nd ref="1870973204"/>
  <nd ref="3860932482"/>
  <nd ref="1870973213"/>
  <nd ref="3860932483"/>
  <nd ref="3860932476"/>
  <nd ref="1870973206"/>
  <nd ref="1956360365"/>
  <nd ref="1956360377"/>
  <nd ref="1956360382"/>
  <nd ref="3860932484"/>
  <nd ref="3860932485"/>
  <nd ref="1956360403"/>
  <nd ref="215268"/>
  <nd ref="1952521471"/>
  <nd ref="1952521478"/>
  <nd ref="1952566002"/>
  <nd ref="13928293138"/>
  <nd ref="1960783304"/>
  <nd ref="13928293137"/>
  <nd ref="1952565863"/>
  <nd ref="1952565955"/>
  <nd ref="13928293139"/>
  <nd ref="13928293140"/>
  <nd ref="1952566003"/>
  <nd ref="1962551160"/>
  <nd ref="1962590716"/>
  <nd ref="1962590734"/>
  <nd ref="13928297420"/>
  <nd ref="13928297422"/>
  <nd ref="13928297421"/>
  <nd ref="13928297419"/>
  <nd ref="1962551161"/>
  <nd ref="1962551162"/>
  <nd ref="1964218351"/>
  <nd ref="1964218385"/>
  <nd ref="434029"/>
  <nd ref="1965402402"/>
  <nd ref="1952584642"/>
  <nd ref="13945594561"/>
  <nd ref="1659592148"/>
  <nd ref="2323654198"/>
  <nd ref="2323654205"/>
  <nd ref="748830693"/>
  <nd ref="2323654235"/>
  <nd ref="1275584479"/>
  <nd ref="1275584240"/>
  <nd ref="1275584365"/>
  <nd ref="1275584445"/>
  <nd ref="2323654210"/>
  <nd ref="2323654207"/>
  <nd ref="2323654194"/>
  <nd ref="2323654191"/>
  <nd ref="748830696"/>
  <nd ref="748830698"/>
  <nd ref="2323653716"/>
  <nd ref="748830701"/>
  <nd ref="748830707"/>
  <nd ref="2323654157"/>
  <nd ref="2323654163"/>
  <nd ref="2323654260"/>
  <nd ref="748830709"/>
  <nd ref="1979476747"/>
  <nd ref="1979476751"/>
  <nd ref="1979476749"/>
  <nd ref="7809980382"/>
  <nd ref="1979476764"/>
  <nd ref="1792254554"/>
  <nd ref="7810040688"/>
  <nd ref="1792254555"/>
  <nd ref="7810040692"/>
  <nd ref="1659592299"/>
  <nd ref="1659592277"/>
  <nd ref="1792251420"/>
  <nd ref="1792251419"/>
  <nd ref="1659592319"/>
  <nd ref="1792251430"/>
  <nd ref="1792251432"/>
  <nd ref="1659592362"/>
  <nd ref="2187505565"/>
  <nd ref="1659592303"/>
  <nd ref="1659592192"/>
  <nd ref="1659592210"/>
  <nd ref="7916567878"/>
  <nd ref="7916567877"/>
  <nd ref="7916567876"/>
  <nd ref="7916567832"/>
  <nd ref="7916567833"/>
  <nd ref="1930483542"/>
  <nd ref="1659592304"/>
  <nd ref="1792251439"/>
  <nd ref="1792251435"/>
  <nd ref="1930500799"/>
  <nd ref="1930500798"/>
  <nd ref="7916567836"/>
  <nd ref="1659592105"/>
  <nd ref="13852935048"/>
  <nd ref="1659592018"/>
  <nd ref="2188200029"/>
  <nd ref="1659592413"/>
  <nd ref="13852779359"/>
  <nd ref="13852779358"/>
  <nd ref="13852779360"/>
  <nd ref="1659592391"/>
  <nd ref="13852779355"/>
  <nd ref="1659592423"/>
  <nd ref="13852779354"/>
  <nd ref="1869933994"/>
  <nd ref="1869933990"/>
  <nd ref="1869933984"/>
  <nd ref="1869933980"/>
 </way>
 <way id="183853120" visible="true" version="7" changeset="169031509" timestamp="2025-07-16T20:12:46Z" user="philipcullen" uid="8857">
  <nd ref="1942696626"/>
  <nd ref="1942696630"/>
  <nd ref="5315129318"/>
  <nd ref="5315129317"/>
  <nd ref="1942696626"/>
  <tag k="addr:city" v="Sutton Coldfield"/>
  <tag k="addr:housenumber" v="285A"/>
  <tag k="addr:postcode" v="B74 2XH"/>
  <tag k="addr:street" v="Lichfield Road"/>
  <tag k="amenity" v="fast_food"/>
  <tag k="building" v="retail"/>
  <tag k="cuisine" v="pizza"/>
  <tag k="fhrs:authority" v="Birmingham"/>
  <tag k="fhrs:id" v="602283"/>
  <tag k="fhrs:local_authority_id" v="PI/000479654"/>
  <tag k="name" v="Joe's Pizza"/>
  <tag k="ref:GB:uprn" v="100071418418"/>
  <tag k="source" v="bing"/>
  <tag k="source:addr" v="FHRS Open Data"/>
 </way>
 <way id="183853121" visible="true" version="10" changeset="183269529" timestamp="2026-05-27T18:19:33Z" user="Casey_boy" uid="122844">
  <nd ref="1942696697"/>
  <nd ref="1942696699"/>
  <nd ref="13889066214"/>
  <nd ref="1942696683"/>
  <nd ref="1942696679"/>
  <nd ref="1942696697"/>
  <tag k="addr:city" v="Sutton Coldfield"/>
  <tag k="addr:housenumber" v="21"/>
  <tag k="addr:postcode" v="B75 5BL"/>
  <tag k="addr:street" v="Mere Green Road"/>
  <tag k="brand" v="Majestic"/>
  <tag k="brand:wikidata" v="Q6737725"/>
  <tag k="brand:wikipedia" v="en:Majestic Wine"/>
  <tag k="building" v="yes"/>
  <tag k="name" v="Majestic"/>
  <tag k="ref:GB:uprn" v="10090319236;10090319237;10090319238;10090319239;10023512906;10093328810;10091755392;10091755393;200002866415"/>
  <tag k="shop" v="alcohol"/>
  <tag k="source" v="bing"/>
  <tag k="website" v="https://www.majestic.co.uk/stores/birmingham-mere-green"/>
 </way>
 <way id="183853124" visible="true" version="4" changeset="169031509" timestamp="2025-07-16T20:12:46Z" user="philipcullen" uid="8857">
  <nd ref="1942696751"/>
  <nd ref="1869728715"/>
  <nd ref="1942696745"/>
  <nd ref="1942696721"/>
  <nd ref="1942696726"/>
  <nd ref="1942696751"/>
  <tag k="addr:city" v="Sutton Coldfield"/>
  <tag k="addr:postcode" v="B75 5BA"/>
  <tag k="addr:street" v="Hill Village Road"/>
  <tag k="building" v="yes"/>
  <tag k="name" v="National Tyre and Auto Centre"/>
  <tag k="ref:GB:uprn" v="100071398000"/>
  <tag k="shop" v="car_repair"/>
  <tag k="source" v="bing"/>
 </way>
 <way id="183853131" visible="true" version="13" changeset="182837583" timestamp="2026-05-18T15:09:42Z" user="TheUKHighStreet" uid="9088405">
  <nd ref="1942696661"/>
  <nd ref="1942696663"/>
  <nd ref="1942696632"/>
  <nd ref="1942696636"/>
  <nd ref="1942696582"/>
  <nd ref="1942696577"/>
  <nd ref="3073948667"/>
  <nd ref="1942696661"/>
  <tag k="addr:city" v="Sutton Coldfield"/>
  <tag k="addr:housenumber" v="12"/>
  <tag k="addr:postcode" v="B75 5BL"/>
  <tag k="addr:street" v="Mere Green Road"/>
  <tag k="amenity" v="pub"/>
  <tag k="building" v="retail"/>
  <tag k="email" v="sutton@sohotavern.co.uk"/>
  <tag k="fhrs:authority" v="Birmingham"/>
  <tag k="fhrs:id" v="603133"/>
  <tag k="fhrs:local_authority_id" v="PI/000493242"/>
  <tag k="name" v="Soho Tavern"/>
  <tag k="opening_hours" v="Mo-Su 12:00-22:00"/>
  <tag k="ref:GB:uprn" v="10090431897"/>
  <tag k="source" v="bing"/>
  <tag k="source:addr" v="FHRS Open Data"/>
  <tag k="website" v="https://www.sohotavern.co.uk/our-locations/mere-green"/>
 </way>
 <way id="183853132" visible="true" version="3" changeset="55082836" timestamp="2018-01-01T18:21:07Z" user="blackadder" uid="735">
  <nd ref="1942696761"/>
  <nd ref="1869728714"/>
  <nd ref="1942696739"/>
  <nd ref="1942696742"/>
  <nd ref="1942696748"/>
  <nd ref="1942696752"/>
  <nd ref="1942696756"/>
  <nd ref="1942696761"/>
  <tag k="addr:city" v="Sutton Coldfield"/>
  <tag k="addr:housenumber" v="13b"/>
  <tag k="addr:postcode" v="B75 5BL"/>
  <tag k="addr:street" v="Mere Green Road"/>
  <tag k="building" v="yes"/>
  <tag k="name" v="Mere Green Service Station"/>
  <tag k="shop" v="car_repair"/>
  <tag k="source" v="bing"/>
 </way>
 <way id="183853134" visible="true" version="4" changeset="115073398" timestamp="2021-12-17T21:54:45Z" user="hood_uk" uid="564485">
  <nd ref="1942696706"/>
  <nd ref="1942696705"/>
  <nd ref="1942696680"/>
  <nd ref="1942696681"/>
  <nd ref="1942696688"/>
  <nd ref="1942696690"/>
  <nd ref="1942696702"/>
  <nd ref="1942696706"/>
  <tag k="addr:city" v="Sutton Coldfield"/>
  <tag k="addr:housenumber" v="17"/>
  <tag k="addr:postcode" v="B75 5BL"/>
  <tag k="addr:street" v="Mere Green Road"/>
  <tag k="building" v="yes"/>
  <tag k="name" v="Sofa and Stuff"/>
  <tag k="source" v="bing"/>
 </way>
 <way id="183853136" visible="true" version="10" changeset="183962781" timestamp="2026-06-11T09:54:52Z" user="Casey_boy" uid="122844">
  <nd ref="13928485544"/>
  <nd ref="1942696549"/>
  <nd ref="13928485550"/>
  <nd ref="1942696553"/>
  <nd ref="1870973214"/>
  <nd ref="13928421966"/>
  <nd ref="1942696527"/>
  <nd ref="1942696541"/>
  <nd ref="1942696557"/>
  <nd ref="13928485553"/>
  <nd ref="1942696560"/>
  <nd ref="13928485544"/>
  <tag k="addr:city" v="Sutton Coldfield"/>
  <tag k="addr:postcode" v="B74 2XH"/>
  <tag k="amenity" v="fuel"/>
  <tag k="brand" v="Shell"/>
  <tag k="brand:wikidata" v="Q110716465"/>
  <tag k="name" v="Shell"/>
  <tag k="opening_hours" v="24/7"/>
  <tag k="phone" v="+44 121 323 5366"/>
  <tag k="ref:navads" v="NVDS353_10019132"/>
  <tag k="source" v="bing"/>
  <tag k="website" v="https://find.shell.com/gb/fuel/10019132-shell-fouroaks"/>
 </way>
 <way id="183853138" visible="true" version="5" changeset="169031509" timestamp="2025-07-16T20:12:46Z" user="philipcullen" uid="8857">
  <nd ref="1942696714"/>
  <nd ref="1942696719"/>
  <nd ref="1942696682"/>
  <nd ref="1942696681"/>
  <nd ref="1942696688"/>
  <nd ref="1942696704"/>
  <nd ref="1942696702"/>
  <nd ref="1942696706"/>
  <nd ref="1942696709"/>
  <nd ref="1942696710"/>
  <nd ref="1942696714"/>
  <tag k="addr:city" v="Sutton Coldfield"/>
  <tag k="addr:housenumber" v="15"/>
  <tag k="addr:postcode" v="B75 5BL"/>
  <tag k="addr:street" v="Mere Green Road"/>
  <tag k="building" v="yes"/>
  <tag k="name" v="St Giles Hospice Shop"/>
  <tag k="ref:GB:uprn" v="200002866413;100071398164;10033393221;10033393222"/>
  <tag k="shop" v="charity"/>
  <tag k="source" v="bing"/>
 </way>
 <way id="183853143" visible="true" version="8" changeset="169031509" timestamp="2025-07-16T20:12:46Z" user="philipcullen" uid="8857">
  <nd ref="1942696675"/>
  <nd ref="1942696676"/>
  <nd ref="1942696678"/>
  <nd ref="1942696659"/>
  <nd ref="1942696660"/>
  <nd ref="1942696664"/>
  <nd ref="1942696665"/>
  <nd ref="1942696672"/>
  <nd ref="1942696670"/>
  <nd ref="1942696675"/>
  <tag k="addr:city" v="Sutton Coldfield"/>
  <tag k="addr:housenumber" v="287"/>
  <tag k="addr:postcode" v="B74 2XH"/>
  <tag k="addr:street" v="Lichfield Road"/>
  <tag k="amenity" v="restaurant"/>
  <tag k="building" v="yes"/>
  <tag k="cuisine" v="italian"/>
  <tag k="fhrs:id" v="603778"/>
  <tag k="fhrs:local_authority_id" v="PI/000501982"/>
  <tag k="name" v="Romantica"/>
  <tag k="ref:GB:uprn" v="100071312493;10024332613"/>
  <tag k="source" v="bing"/>
  <tag k="source:addr" v="FHRS Open Data"/>
 </way>
 <way id="183853144" visible="true" version="8" changeset="169031509" timestamp="2025-07-16T20:12:46Z" user="philipcullen" uid="8857">
  <nd ref="5315129315"/>
  <nd ref="5315129312"/>
  <nd ref="1942696754"/>
  <nd ref="1942696744"/>
  <nd ref="1942696735"/>
  <nd ref="1942696738"/>
  <nd ref="1942696728"/>
  <nd ref="1942696727"/>
  <nd ref="5315129240"/>
  <nd ref="5315129315"/>
  <tag k="addr:city" v="Sutton Coldfield"/>
  <tag k="addr:housenumber" v="326"/>
  <tag k="addr:postcode" v="B74 4BG"/>
  <tag k="addr:street" v="Lichfield Road"/>
  <tag k="building" v="retail"/>
  <tag k="ref:GB:uprn" v="100071418415;100071398093"/>
  <tag k="source" v="bing"/>
 </way>
 <way id="183853146" visible="true" version="21" changeset="185483567" timestamp="2026-07-10T15:31:00Z" user="confusedbuffalo" uid="242345">
  <nd ref="1869728773"/>
  <nd ref="1955168548"/>
  <nd ref="1955168545"/>
  <nd ref="1869728769"/>
  <nd ref="1869728726"/>
  <nd ref="1942696794"/>
  <nd ref="1955016217"/>
  <nd ref="1955016214"/>
  <nd ref="1942696792"/>
  <nd ref="1942696789"/>
  <nd ref="1942696770"/>
  <nd ref="1942696753"/>
  <nd ref="1942696749"/>
  <nd ref="1942696686"/>
  <nd ref="13889066212"/>
  <nd ref="1942696699"/>
  <nd ref="1942696725"/>
  <nd ref="1942696723"/>
  <nd ref="1869728714"/>
  <nd ref="1952230153"/>
  <nd ref="1869728722"/>
  <nd ref="1869728765"/>
  <nd ref="1869728773"/>
  <tag k="addr:city" v="Sutton Coldfield"/>
  <tag k="addr:country" v="GB"/>
  <tag k="addr:housename" v="Mere Green Combined School"/>
  <tag k="addr:postcode" v="B75 5BL"/>
  <tag k="addr:street" v="Mere Green Road"/>
  <tag k="amenity" v="school"/>
  <tag k="capacity" v="420"/>
  <tag k="check_date" v="2025-12-24"/>
  <tag k="fhrs:id" v="875633"/>
  <tag k="fhrs:local_authority_id" v="PI/000630003"/>
  <tag k="isced:level" v="0;1"/>
  <tag k="max_age" v="11"/>
  <tag k="min_age" v="3"/>
  <tag k="name" v="Mere Green Primary School"/>
  <tag k="operator" v="The Arthur Terry Learning Partnership"/>
  <tag k="operator:type" v="private"/>
  <tag k="operator:wikidata" v="Q121704509"/>
  <tag k="phone" v="+44 121 308 1384"/>
  <tag k="ref:edubase" v="139452"/>
  <tag k="ref:edubase:group" v="2166"/>
  <tag k="ref:GB:uprn" v="100071418461"/>
  <tag k="religion" v="none"/>
  <tag k="school" v="primary"/>
  <tag k="school:boarding" v="no"/>
  <tag k="school:gender" v="mixed"/>
  <tag k="school:group:type" v="multi_academy_trust"/>
  <tag k="school:selective" v="no"/>
  <tag k="school:type" v="academy"/>
  <tag k="source:addr" v="FHRS Open Data"/>
  <tag k="website" v="https://meregrn.bham.sch.uk/"/>
  <tag k="wikidata" v="Q66166319"/>
 </way>
 <way id="184714250" visible="true" version="3" changeset="169031509" timestamp="2025-07-16T20:12:48Z" user="philipcullen" uid="8857">
  <nd ref="1952215140"/>
  <nd ref="1952215134"/>
  <nd ref="5315129430"/>
  <nd ref="5315129431"/>
  <nd ref="1952215140"/>
  <tag k="addr:city" v="Sutton Coldfield"/>
  <tag k="addr:housenumber" v="12"/>
  <tag k="addr:postcode" v="B75 5BA"/>
  <tag k="addr:street" v="Hill Village Road"/>
  <tag k="building" v="residential"/>
  <tag k="ref:GB:uprn" v="100070590809"/>
  <tag k="source" v="bing"/>
 </way>
 <way id="184714256" visible="true" version="5" changeset="169031509" timestamp="2025-07-16T20:12:48Z" user="philipcullen" uid="8857">
  <nd ref="5315129424"/>
  <nd ref="1952215032"/>
  <nd ref="1952215027"/>
  <nd ref="1952215019"/>
  <nd ref="1952215020"/>
  <nd ref="3773402307"/>
  <nd ref="5315129425"/>
  <nd ref="5315129424"/>
  <tag k="addr:city" v="Sutton Coldfield"/>
  <tag k="addr:housenumber" v="1"/>
  <tag k="addr:postcode" v="B75 5BL"/>
  <tag k="addr:street" v="Mere Green Road"/>
  <tag k="building" v="retail"/>
  <tag k="name" v="Century 21"/>
  <tag k="ref:GB:uprn" v="10093331363"/>
  <tag k="source" v="bing"/>
 </way>
 <way id="184714261" visible="true" version="9" changeset="169031509" timestamp="2025-07-16T20:12:48Z" user="philipcullen" uid="8857">
  <nd ref="1952215082"/>
  <nd ref="1952215072"/>
  <nd ref="1952215057"/>
  <nd ref="1952215062"/>
  <nd ref="1952215052"/>
  <nd ref="1952215054"/>
  <nd ref="1952215082"/>
  <tag k="addr:city" v="Sutton Coldfield"/>
  <tag k="addr:housenumber" v="6"/>
  <tag k="addr:postcode" v="B75 5BA"/>
  <tag k="addr:street" v="Hill Village Road"/>
  <tag k="building" v="retail"/>
  <tag k="fhrs:authority" v="Birmingham"/>
  <tag k="fhrs:id" v="603012"/>
  <tag k="fhrs:local_authority_id" v="PI/000491012"/>
  <tag k="name" v="Simply Local"/>
  <tag k="ref:GB:uprn" v="100071397997"/>
  <tag k="shop" v="convenience"/>
  <tag k="source" v="bing"/>
  <tag k="source:addr" v="FHRS Open Data"/>
 </way>
 <way id="184714262" visible="true" version="7" changeset="65167701" timestamp="2018-12-04T18:31:13Z" user="will_p2" uid="9191571">
  <nd ref="1952215036"/>
  <nd ref="1952215034"/>
  <nd ref="1952215077"/>
  <nd ref="1952215076"/>
  <nd ref="1952215014"/>
  <nd ref="1952215015"/>
  <nd ref="1952215036"/>
  <tag k="addr:city" v="Sutton Coldfield"/>
  <tag k="addr:housenumber" v="9"/>
  <tag k="addr:postcode" v="B75 5BL"/>
  <tag k="addr:street" v="Mere Green Road"/>
  <tag k="amenity" v="restaurant"/>
  <tag k="building" v="retail"/>
  <tag k="cuisine" v="indian"/>
  <tag k="fhrs:id" v="599964"/>
  <tag k="fhrs:local_authority_id" v="PI/000335191"/>
  <tag k="name" v="Shimla"/>
  <tag k="source" v="bing"/>
  <tag k="source:addr" v="FHRS Open Data"/>
 </way>
 <way id="184714264" visible="true" version="4" changeset="169031509" timestamp="2025-07-16T20:12:48Z" user="philipcullen" uid="8857">
  <nd ref="1952215076"/>
  <nd ref="1952215074"/>
  <nd ref="1952215031"/>
  <nd ref="1952215029"/>
  <nd ref="1952215013"/>
  <nd ref="1952215014"/>
  <nd ref="1952215076"/>
  <tag k="addr:city" v="Sutton Coldfield"/>
  <tag k="addr:housenumber" v="11"/>
  <tag k="addr:postcode" v="B75 5BL"/>
  <tag k="addr:street" v="Mere Green Road"/>
  <tag k="building" v="retail"/>
  <tag k="name" v="The Changing Room"/>
  <tag k="ref:GB:uprn" v="100071398161;100071484380;10091755385;10091975067"/>
  <tag k="shop" v="clothes"/>
  <tag k="source" v="bing"/>
 </way>
 <way id="184714270" visible="true" version="3" changeset="115073205" timestamp="2021-12-17T21:47:42Z" user="hood_uk" uid="564485">
  <nd ref="1952215054"/>
  <nd ref="1952215039"/>
  <nd ref="5315129424"/>
  <nd ref="1952215032"/>
  <nd ref="1952215049"/>
  <nd ref="1952215051"/>
  <nd ref="1952215052"/>
  <nd ref="1952215054"/>
  <tag k="addr:city" v="Sutton Coldfield"/>
  <tag k="addr:housenumber" v="4"/>
  <tag k="addr:postcode" v="B75 5BA"/>
  <tag k="addr:street" v="Hill Village Road"/>
  <tag k="amenity" v="pub"/>
  <tag k="building" v="commercial"/>
  <tag k="name" v="The Ale Hub"/>
  <tag k="smoking" v="no"/>
  <tag k="source" v="bing"/>
 </way>
 <way id="184714271" visible="true" version="3" changeset="55082836" timestamp="2018-01-01T18:21:11Z" user="blackadder" uid="735">
  <nd ref="1952215060"/>
  <nd ref="1952215056"/>
  <nd ref="1952215046"/>
  <nd ref="1952215044"/>
  <nd ref="1952215016"/>
  <nd ref="1952215017"/>
  <nd ref="1952215060"/>
  <tag k="addr:city" v="Sutton Coldfield"/>
  <tag k="addr:housenumber" v="5"/>
  <tag k="addr:postcode" v="B75 5BL"/>
  <tag k="addr:street" v="Mere Green Road"/>
  <tag k="building" v="retail"/>
  <tag k="name" v="Bill Tandy"/>
  <tag k="office" v="estate_agent"/>
  <tag k="source" v="bing"/>
 </way>
 <way id="184714277" visible="true" version="3" changeset="55082836" timestamp="2018-01-01T18:21:12Z" user="blackadder" uid="735">
  <nd ref="1952215065"/>
  <nd ref="1952215064"/>
  <nd ref="1952215060"/>
  <nd ref="1952215017"/>
  <nd ref="1952215018"/>
  <nd ref="1952215042"/>
  <nd ref="1952215041"/>
  <nd ref="1952215065"/>
  <tag k="addr:city" v="Sutton Coldfield"/>
  <tag k="addr:housenumber" v="3b"/>
  <tag k="addr:postcode" v="B75 5BL"/>
  <tag k="addr:street" v="Mere Green Road"/>
  <tag k="building" v="retail"/>
  <tag k="name" v="Harveys"/>
  <tag k="office" v="estate_agent"/>
  <tag k="source" v="bing"/>
 </way>
 <way id="184714278" visible="true" version="6" changeset="169031509" timestamp="2025-07-16T20:12:48Z" user="philipcullen" uid="8857">
  <nd ref="1952215104"/>
  <nd ref="1952215103"/>
  <nd ref="1952215102"/>
  <nd ref="1952215100"/>
  <nd ref="1952215091"/>
  <nd ref="1952215092"/>
  <nd ref="1952215099"/>
  <nd ref="1952215104"/>
  <tag k="addr:city" v="Sutton Coldfield"/>
  <tag k="addr:housenumber" v="8"/>
  <tag k="addr:postcode" v="B75 5BA"/>
  <tag k="addr:street" v="Hill Village Road"/>
  <tag k="amenity" v="fast_food"/>
  <tag k="building" v="retail"/>
  <tag k="cuisine" v="fish_and_chips"/>
  <tag k="fhrs:id" v="599961"/>
  <tag k="fhrs:local_authority_id" v="PI/000335174"/>
  <tag k="name" v="Mere Green Take Away"/>
  <tag k="ref:GB:uprn" v="10090252199;100070590806"/>
  <tag k="source" v="bing"/>
  <tag k="source:addr" v="FHRS Open Data"/>
  <tag k="takeaway" v="yes"/>
 </way>
 <way id="184714279" visible="true" version="3" changeset="55082836" timestamp="2018-01-01T18:21:12Z" user="blackadder" uid="735">
  <nd ref="1952215044"/>
  <nd ref="1952215069"/>
  <nd ref="1952215067"/>
  <nd ref="1952215037"/>
  <nd ref="1952215036"/>
  <nd ref="1952215015"/>
  <nd ref="1952215016"/>
  <nd ref="1952215044"/>
  <tag k="addr:city" v="Sutton Coldfield"/>
  <tag k="addr:housenumber" v="7"/>
  <tag k="addr:postcode" v="B75 5BL"/>
  <tag k="addr:street" v="Mere Green Road"/>
  <tag k="building" v="retail"/>
  <tag k="name" v="Four Oaks Computer Centre"/>
  <tag k="shop" v="computer"/>
  <tag k="source" v="bing"/>
 </way>
 <way id="184714282" visible="true" version="10" changeset="169031509" timestamp="2025-07-16T20:12:48Z" user="philipcullen" uid="8857">
  <nd ref="1952215092"/>
  <nd ref="1952215079"/>
  <nd ref="1952215071"/>
  <nd ref="1952215084"/>
  <nd ref="1952215081"/>
  <nd ref="1952215087"/>
  <nd ref="1952215086"/>
  <nd ref="1952215089"/>
  <nd ref="1952215091"/>
  <nd ref="1952215092"/>
  <tag k="addr:city" v="Sutton Coldfield"/>
  <tag k="addr:housenumber" v="6A"/>
  <tag k="addr:postcode" v="B75 5BA"/>
  <tag k="addr:street" v="Hill Village Road"/>
  <tag k="amenity" v="restaurant"/>
  <tag k="building" v="retail"/>
  <tag k="cuisine" v="indian"/>
  <tag k="fhrs:id" v="599957"/>
  <tag k="fhrs:local_authority_id" v="PI/000334535"/>
  <tag k="name" v="Olive Garden"/>
  <tag k="ref:GB:uprn" v="100071397999"/>
  <tag k="source" v="bing"/>
  <tag k="source:addr" v="FHRS Open Data"/>
  <tag k="takeaway" v="yes"/>
 </way>
 <way id="196306023" visible="true" version="6" changeset="183962781" timestamp="2026-06-11T09:54:52Z" user="Casey_boy" uid="122844">
  <nd ref="2066494721"/>
  <nd ref="5315129277"/>
  <nd ref="5315129278"/>
  <nd ref="5315129279"/>
  <nd ref="5315129280"/>
  <nd ref="5315129281"/>
  <nd ref="5315129282"/>
  <nd ref="5315129283"/>
  <nd ref="5315129284"/>
  <nd ref="5315129285"/>
  <nd ref="5315129286"/>
  <nd ref="4550939281"/>
  <nd ref="5315129287"/>
  <nd ref="5315129288"/>
  <nd ref="210409"/>
  <nd ref="5315129289"/>
  <nd ref="5315129290"/>
  <nd ref="5315129291"/>
  <nd ref="5315129238"/>
  <nd ref="5315129292"/>
  <nd ref="210423"/>
  <nd ref="5315129293"/>
  <nd ref="5315129294"/>
  <nd ref="5315129295"/>
  <nd ref="5315129296"/>
  <nd ref="13928485547"/>
  <nd ref="2066494720"/>
  <nd ref="1461511984"/>
  <nd ref="1461511975"/>
  <nd ref="2066494721"/>
  <tag k="bicycle" v="no"/>
  <tag k="highway" v="footway"/>
  <tag k="lit" v="yes"/>
  <tag k="source" v="BING"/>
 </way>
 <way id="196306380" visible="true" version="2" changeset="40795766" timestamp="2016-07-17T11:02:00Z" user="brianboru" uid="9065">
  <nd ref="2066502277"/>
  <nd ref="2066502281"/>
  <nd ref="2066502279"/>
  <nd ref="2066502275"/>
  <nd ref="2066502269"/>
  <nd ref="2066502265"/>
  <nd ref="2066502261"/>
  <nd ref="2066502259"/>
  <nd ref="2066502255"/>
  <nd ref="2066502251"/>
  <nd ref="2066502249"/>
  <nd ref="2066502253"/>
  <nd ref="2066502257"/>
  <nd ref="2066502263"/>
  <nd ref="2066502267"/>
  <nd ref="2066502271"/>
  <nd ref="2066502273"/>
  <nd ref="2066502277"/>
  <tag k="leisure" v="garden"/>
 </way>
 <way id="316531423" visible="true" version="8" changeset="183962781" timestamp="2026-06-11T09:54:52Z" user="Casey_boy" uid="122844">
  <nd ref="1942696549"/>
  <nd ref="13928485544"/>
  <nd ref="13928485545"/>
  <nd ref="3226540909"/>
  <nd ref="3226540912"/>
  <nd ref="5315129319"/>
  <nd ref="1942696598"/>
  <nd ref="1942696599"/>
  <nd ref="1942696549"/>
  <tag k="addr:city" v="Sutton Coldfield"/>
  <tag k="addr:country" v="GB"/>
  <tag k="addr:housenumber" v="285"/>
  <tag k="addr:postcode" v="B74 2XH"/>
  <tag k="addr:street" v="Lichfield Road"/>
  <tag k="amenity" v="fast_food"/>
  <tag k="brand" v="Domino's"/>
  <tag k="brand:wikidata" v="Q839466"/>
  <tag k="brand:wikipedia" v="en:Domino's Pizza"/>
  <tag k="building" v="retail"/>
  <tag k="contact:website" v="https://www.dominos.co.uk/pizza-near-me/sutton-coldfield/285-lichfield-road"/>
  <tag k="cuisine" v="pizza"/>
  <tag k="fhrs:id" v="603647"/>
  <tag k="name" v="Domino's"/>
  <tag k="ref:GB:uprn" v="100071398067;10090431793"/>
  <tag k="source:addr" v="FHRS Open Data"/>
  <tag k="takeaway" v="yes"/>
 </way>
 <way id="375553935" visible="true" version="3" changeset="147972986" timestamp="2024-02-27T13:18:41Z" user="pigsonthewing" uid="139424">
  <nd ref="3789124285"/>
  <nd ref="3789124283"/>
  <nd ref="1942696577"/>
  <nd ref="1942696582"/>
  <nd ref="3789124286"/>
  <nd ref="3789124285"/>
  <tag k="access" v="yes"/>
  <tag k="amenity" v="parking"/>
  <tag k="parking" v="surface"/>
 </way>
 <way id="375553941" visible="true" version="2" changeset="169031517" timestamp="2025-07-16T20:13:01Z" user="philipcullen" uid="8857">
  <nd ref="3789124294"/>
  <nd ref="3789124291"/>
  <nd ref="3789124289"/>
  <nd ref="1942696628"/>
  <nd ref="3789124294"/>
  <tag k="building" v="yes"/>
  <tag k="name" v="The Cutting Shop"/>
  <tag k="ref:GB:uprn" v="200002866419"/>
  <tag k="shop" v="hairdresser"/>
  <tag k="source" v="bing"/>
 </way>
 <way id="375553944" visible="true" version="2" changeset="169031517" timestamp="2025-07-16T20:13:01Z" user="philipcullen" uid="8857">
  <nd ref="3789124288"/>
  <nd ref="3789124287"/>
  <nd ref="3789124289"/>
  <nd ref="3789124291"/>
  <nd ref="3789124292"/>
  <nd ref="1942696617"/>
  <nd ref="3789124288"/>
  <tag k="building" v="retail"/>
  <tag k="name" v="Think Ink"/>
  <tag k="ref:GB:uprn" v="10093328807"/>
  <tag k="shop" v="yes"/>
  <tag k="source" v="bing"/>
 </way>
 <way id="375566169" visible="true" version="3" changeset="183269529" timestamp="2026-05-27T18:19:33Z" user="Casey_boy" uid="122844">
  <nd ref="13889066213"/>
  <nd ref="1942696699"/>
  <nd ref="1942696725"/>
  <nd ref="1942696723"/>
  <nd ref="1869728714"/>
  <nd ref="1942696761"/>
  <nd ref="1942696764"/>
  <nd ref="1869728715"/>
  <nd ref="1942696763"/>
  <nd ref="1952215104"/>
  <nd ref="1952215099"/>
  <nd ref="1952215082"/>
  <nd ref="1952215054"/>
  <nd ref="1952215039"/>
  <nd ref="3773402307"/>
  <nd ref="1952215020"/>
  <nd ref="1952215019"/>
  <nd ref="1952215018"/>
  <nd ref="1952215017"/>
  <nd ref="1952215016"/>
  <nd ref="1952215015"/>
  <nd ref="1952215014"/>
  <nd ref="1952215013"/>
  <nd ref="1942696682"/>
  <nd ref="1942696681"/>
  <nd ref="1942696680"/>
  <nd ref="1942696679"/>
  <nd ref="13889066213"/>
  <tag k="landuse" v="retail"/>
 </way>
 <way id="375566171" visible="true" version="3" changeset="73960905" timestamp="2019-09-01T01:09:03Z" user="AndrewBurgess" uid="10176921">
  <nd ref="1942696470"/>
  <nd ref="5120584340"/>
  <nd ref="5120584341"/>
  <nd ref="5120584342"/>
  <nd ref="5120584343"/>
  <nd ref="5120584344"/>
  <nd ref="5120584345"/>
  <nd ref="5120584346"/>
  <nd ref="5120284314"/>
  <nd ref="3789229434"/>
  <nd ref="1461512016"/>
  <nd ref="447585097"/>
  <nd ref="3789229436"/>
  <nd ref="3789229437"/>
  <nd ref="1870973225"/>
  <nd ref="1962551057"/>
  <nd ref="1962550995"/>
  <nd ref="1870973219"/>
  <nd ref="1870973220"/>
  <nd ref="1870973217"/>
  <nd ref="1870973215"/>
  <nd ref="1870973208"/>
  <nd ref="447585093"/>
  <nd ref="447585094"/>
  <nd ref="447585091"/>
  <nd ref="1461511907"/>
  <nd ref="1461511885"/>
  <nd ref="1461511882"/>
  <nd ref="3789229430"/>
  <nd ref="3789229429"/>
  <nd ref="3789229428"/>
  <nd ref="3789229427"/>
  <nd ref="3789229426"/>
  <nd ref="3789229425"/>
  <nd ref="3789229424"/>
  <nd ref="3789229423"/>
  <nd ref="3789229422"/>
  <nd ref="3789229421"/>
  <nd ref="3789229420"/>
  <nd ref="1942696458"/>
  <nd ref="1942696464"/>
  <nd ref="5120584332"/>
  <nd ref="1942696470"/>
  <tag k="landuse" v="retail"/>
 </way>
 <way id="526559857" visible="true" version="5" changeset="169031517" timestamp="2025-07-16T20:13:02Z" user="philipcullen" uid="8857">
  <nd ref="5120284306"/>
  <nd ref="5120284307"/>
  <nd ref="5120284289"/>
  <nd ref="5120284291"/>
  <nd ref="5120284306"/>
  <tag k="addr:city" v="Sutton Coldfield"/>
  <tag k="addr:housenumber" v="316"/>
  <tag k="addr:postcode" v="B74 2UG"/>
  <tag k="addr:street" v="Lichfield Road"/>
  <tag k="building" v="yes"/>
  <tag k="name" v="Ansons Solicitors"/>
  <tag k="office" v="lawyer"/>
  <tag k="ref:GB:uprn" v="10092027844;10093331358"/>
 </way>
 <way id="526559859" visible="true" version="8" changeset="169031517" timestamp="2025-07-16T20:13:02Z" user="philipcullen" uid="8857">
  <nd ref="5120284305"/>
  <nd ref="5120284306"/>
  <nd ref="5120284291"/>
  <nd ref="5120284293"/>
  <nd ref="5120284305"/>
  <tag k="addr:city" v="Sutton Coldfield"/>
  <tag k="addr:housenumber" v="320"/>
  <tag k="addr:postcode" v="B74 2UG"/>
  <tag k="addr:street" v="Lichfield Road"/>
  <tag k="building" v="retail"/>
  <tag k="building:levels" v="2"/>
  <tag k="level" v="0"/>
  <tag k="name" v="The Massage Company"/>
  <tag k="ref:GB:uprn" v="10093331359"/>
 </way>
 <way id="526559861" visible="true" version="3" changeset="169031517" timestamp="2025-07-16T20:13:02Z" user="philipcullen" uid="8857">
  <nd ref="5120284293"/>
  <nd ref="5120284295"/>
  <nd ref="5120284303"/>
  <nd ref="5120284305"/>
  <nd ref="5120284293"/>
  <tag k="building" v="retail"/>
  <tag k="ref:GB:uprn" v="10091552020"/>
 </way>
 <way id="526559867" visible="true" version="4" changeset="128997826" timestamp="2022-11-16T15:28:14Z" user="brianboru" uid="9065">
  <nd ref="5120284315"/>
  <nd ref="5120284316"/>
  <nd ref="5120284317"/>
  <nd ref="5120284318"/>
  <nd ref="5120284319"/>
  <nd ref="5120584333"/>
  <nd ref="5120284303"/>
  <nd ref="5120284295"/>
  <nd ref="5120284315"/>
  <tag k="addr:city" v="Sutton Coldfield"/>
  <tag k="addr:housenumber" v="5A"/>
  <tag k="addr:parentstreet" v="Mere Green Road"/>
  <tag k="addr:postcode" v="B75 5BP"/>
  <tag k="addr:street" v="Mulberry Walk"/>
  <tag k="building" v="retail"/>
  <tag k="building:levels" v="2"/>
  <tag k="name" v="K5 Health and Fitness"/>
  <tag k="smoking" v="no"/>
 </way>
 <way id="526559876" visible="true" version="8" changeset="169031517" timestamp="2025-07-16T20:13:02Z" user="philipcullen" uid="8857">
  <nd ref="5120287324"/>
  <nd ref="5120287323"/>
  <nd ref="5120287322"/>
  <nd ref="5120287321"/>
  <nd ref="5120287324"/>
  <tag k="addr:city" v="Sutton Coldfield"/>
  <tag k="addr:housenumber" v="308"/>
  <tag k="addr:postcode" v="B74 2UW"/>
  <tag k="addr:street" v="Lichfield Road"/>
  <tag k="amenity" v="pharmacy"/>
  <tag k="brand" v="Boots"/>
  <tag k="brand:wikidata" v="Q6123139"/>
  <tag k="brand:wikipedia" v="en:Boots (company)"/>
  <tag k="building" v="yes"/>
  <tag k="fhrs:id" v="600010"/>
  <tag k="fhrs:local_authority_id" v="PI/000339286"/>
  <tag k="fixme" v="FHRS address suggests that this has now relocated to LIchfield Road"/>
  <tag k="healthcare" v="pharmacy"/>
  <tag k="name" v="Boots"/>
  <tag k="note" v="Temporary building relocation during redevlopment of adjacent site"/>
  <tag k="ref:GB:uprn" v="10093331370"/>
  <tag k="source:addr" v="FHRS Open Data"/>
  <tag k="website" v="https://www.boots.com/stores/1968-sutton-coldfld-mere-green-b75-5bp"/>
 </way>
 <way id="526559878" visible="true" version="2" changeset="147972837" timestamp="2024-02-27T13:16:13Z" user="pigsonthewing" uid="139424">
  <nd ref="5120287331"/>
  <nd ref="5120287330"/>
  <nd ref="5120287329"/>
  <nd ref="5120287328"/>
  <nd ref="5120287327"/>
  <nd ref="5120287326"/>
  <nd ref="5120287325"/>
  <tag k="highway" v="service"/>
  <tag k="surface" v="asphalt"/>
 </way>
 <way id="526559879" visible="true" version="2" changeset="55082836" timestamp="2018-01-01T18:21:24Z" user="blackadder" uid="735">
  <nd ref="5120287333"/>
  <nd ref="5120287332"/>
  <tag k="highway" v="pedestrian"/>
  <tag k="name" v="Mulberry Walk"/>
 </way>
 <way id="526588349" visible="true" version="11" changeset="141781013" timestamp="2023-09-26T15:55:05Z" user="CjMalone" uid="6816132">
  <nd ref="5120284289"/>
  <nd ref="5120284288"/>
  <nd ref="5120284290"/>
  <nd ref="5120284292"/>
  <nd ref="5120284294"/>
  <nd ref="5120284295"/>
  <nd ref="5120284293"/>
  <nd ref="5120284291"/>
  <nd ref="5120284289"/>
  <tag k="addr:city" v="Sutton Coldfield"/>
  <tag k="addr:housename" v="Mulberry Walk"/>
  <tag k="addr:housenumber" v="9"/>
  <tag k="addr:parentstreet" v="Mere Green Road"/>
  <tag k="addr:postcode" v="B75 5BP"/>
  <tag k="addr:street" v="Mulberry Walk"/>
  <tag k="addr:unit" v="Units 8&amp;9"/>
  <tag k="amenity" v="restaurant"/>
  <tag k="brand" v="Giggling Squid"/>
  <tag k="brand:wikidata" v="Q113127471"/>
  <tag k="building" v="retail"/>
  <tag k="cuisine" v="thai"/>
  <tag k="fhrs:id" v="1051327"/>
  <tag k="fhrs:local_authority_id" v="PI/500230974"/>
  <tag k="name" v="Giggling Squid"/>
  <tag k="website" v="https://www.gigglingsquid.com/restaurant/mere-green"/>
 </way>
 <way id="526588351" visible="true" version="3" changeset="147972986" timestamp="2024-02-27T13:18:23Z" user="pigsonthewing" uid="139424">
  <nd ref="5120584339"/>
  <nd ref="5120584338"/>
  <nd ref="5120584337"/>
  <nd ref="5120584336"/>
  <nd ref="5120584335"/>
  <nd ref="3789124283"/>
  <nd ref="3789124285"/>
  <nd ref="3789124286"/>
  <nd ref="5120287321"/>
  <nd ref="5120287322"/>
  <nd ref="5120584339"/>
  <tag k="access" v="yes"/>
  <tag k="amenity" v="parking"/>
  <tag k="parking" v="surface"/>
 </way>
 <way id="526588357" visible="true" version="3" changeset="175361507" timestamp="2025-12-01T14:38:31Z" user="hood_uk" uid="564485">
  <nd ref="5120284287"/>
  <nd ref="5120284286"/>
  <nd ref="5120284288"/>
  <nd ref="5120284289"/>
  <nd ref="5120284287"/>
  <tag k="addr:city" v="Sutton Coldfield"/>
  <tag k="addr:parentstreet" v="Mere Green Road"/>
  <tag k="addr:postcode" v="B75 5BP"/>
  <tag k="addr:street" v="Mulberry Walk"/>
  <tag k="building" v="retail"/>
  <tag k="name" v="Starbucks"/>
  <tag k="smoking" v="no"/>
 </way>
 <way id="526588358" visible="true" version="4" changeset="173466303" timestamp="2025-10-18T20:18:51Z" user="hood_uk" uid="564485">
  <nd ref="5120284295"/>
  <nd ref="5120284294"/>
  <nd ref="5120284314"/>
  <nd ref="5120284315"/>
  <nd ref="5120284295"/>
  <tag k="addr:city" v="Sutton Coldfield"/>
  <tag k="addr:housenumber" v="2"/>
  <tag k="addr:parentstreet" v="Mere Green Road"/>
  <tag k="addr:postcode" v="B75 5BP"/>
  <tag k="addr:street" v="Mulberry Walk"/>
  <tag k="amenity" v="restaurant"/>
  <tag k="building" v="retail"/>
 </way>
 <way id="550291191" visible="true" version="2" changeset="183962289" timestamp="2026-06-11T09:43:01Z" user="Casey_boy" uid="122844">
  <nd ref="5315129274"/>
  <nd ref="5315129273"/>
  <nd ref="5315129272"/>
  <nd ref="13928421964"/>
  <nd ref="13928421965"/>
  <nd ref="5315129271"/>
  <nd ref="5315129270"/>
  <nd ref="5315129274"/>
  <tag k="amenity" v="parking"/>
 </way>
 <way id="550291193" visible="true" version="2" changeset="134431748" timestamp="2023-04-02T22:46:22Z" user="Yorvik Prestigitator" uid="493595">
  <nd ref="5315129276"/>
  <nd ref="5315129275"/>
  <tag k="highway" v="service"/>
  <tag k="service" v="parking_aisle"/>
 </way>
 <way id="550291195" visible="true" version="4" changeset="147973192" timestamp="2024-02-27T13:23:40Z" user="pigsonthewing" uid="139424">
  <nd ref="831328337"/>
  <nd ref="1275584513"/>
  <tag k="abutters" v="residential"/>
  <tag k="highway" v="unclassified"/>
  <tag k="lit" v="yes"/>
  <tag k="name" v="Hill Village Road"/>
  <tag k="oneway" v="yes"/>
  <tag k="parking:both" v="no"/>
  <tag k="postal_code" v="B75"/>
  <tag k="surface" v="asphalt"/>
 </way>
 <way id="550291198" visible="true" version="4" changeset="147973192" timestamp="2024-02-27T13:23:43Z" user="pigsonthewing" uid="139424">
  <nd ref="1275584513"/>
  <nd ref="1461512062"/>
  <nd ref="210420"/>
  <tag k="abutters" v="residential"/>
  <tag k="highway" v="unclassified"/>
  <tag k="lit" v="yes"/>
  <tag k="name" v="Hill Village Road"/>
  <tag k="oneway" v="yes"/>
  <tag k="parking:both" v="no"/>
  <tag k="postal_code" v="B75"/>
  <tag k="surface" v="asphalt"/>
 </way>
 <way id="550291201" visible="true" version="2" changeset="71991230" timestamp="2019-07-07T20:31:43Z" user="wongataa" uid="133272">
  <nd ref="2066494721"/>
  <nd ref="244004"/>
  <tag k="bicycle" v="no"/>
  <tag k="highway" v="footway"/>
  <tag k="source" v="BING"/>
 </way>
 <way id="550291203" visible="true" version="3" changeset="183962781" timestamp="2026-06-11T09:54:52Z" user="Casey_boy" uid="122844">
  <nd ref="5315129299"/>
  <nd ref="1870973211"/>
  <nd ref="1942696541"/>
  <nd ref="1942696527"/>
  <nd ref="13928421966"/>
  <nd ref="1870973214"/>
  <nd ref="1942696553"/>
  <nd ref="13928485550"/>
  <nd ref="13928485543"/>
  <nd ref="5315129297"/>
  <nd ref="1942696678"/>
  <nd ref="1942696676"/>
  <nd ref="1942696675"/>
  <nd ref="1942696674"/>
  <nd ref="1942696673"/>
  <nd ref="1942696669"/>
  <nd ref="1942696668"/>
  <nd ref="1942696655"/>
  <nd ref="1942696654"/>
  <nd ref="1942696651"/>
  <nd ref="1942696634"/>
  <nd ref="5315129299"/>
  <tag k="landuse" v="retail"/>
 </way>
 <way id="550291206" visible="true" version="5" changeset="184014594" timestamp="2026-06-12T12:23:52Z" user="Casey_boy" uid="122844">
  <nd ref="1869728712"/>
  <nd ref="5315129305"/>
  <nd ref="13931082644"/>
  <nd ref="13931082645"/>
  <nd ref="5315129304"/>
  <nd ref="5315129303"/>
  <nd ref="5315129302"/>
  <nd ref="13928367009"/>
  <nd ref="13928367013"/>
  <nd ref="1870973236"/>
  <nd ref="1869728717"/>
  <nd ref="1869728719"/>
  <nd ref="10076706310"/>
  <nd ref="10076706303"/>
  <nd ref="10075081388"/>
  <nd ref="10075081387"/>
  <nd ref="10075081385"/>
  <nd ref="10075081384"/>
  <nd ref="10075081382"/>
  <nd ref="10075081381"/>
  <nd ref="10075081379"/>
  <nd ref="5315129256"/>
  <nd ref="1869728710"/>
  <nd ref="1952215106"/>
  <nd ref="1952215108"/>
  <nd ref="1869728712"/>
  <tag k="landuse" v="retail"/>
 </way>
 <way id="550291209" visible="true" version="2" changeset="169031517" timestamp="2025-07-16T20:13:02Z" user="philipcullen" uid="8857">
  <nd ref="5315129309"/>
  <nd ref="5315129308"/>
  <nd ref="1942696765"/>
  <nd ref="1942696760"/>
  <nd ref="5315129309"/>
  <tag k="addr:city" v="Sutton Coldfield"/>
  <tag k="addr:housenumber" v="336"/>
  <tag k="addr:postcode" v="B74 4BH"/>
  <tag k="addr:street" v="Lichfield Road"/>
  <tag k="building" v="retail"/>
  <tag k="name" v="Malcolm Gray"/>
  <tag k="ref:GB:uprn" v="100071398094;100071484276"/>
  <tag k="shop" v="optician"/>
  <tag k="source" v="bing"/>
 </way>
 <way id="550291213" visible="true" version="7" changeset="183962289" timestamp="2026-06-11T09:43:01Z" user="Casey_boy" uid="122844">
  <nd ref="5315129315"/>
  <nd ref="5315129314"/>
  <nd ref="13928421952"/>
  <nd ref="13928421951"/>
  <nd ref="5315129313"/>
  <nd ref="5315129312"/>
  <nd ref="5315129315"/>
  <tag k="addr:city" v="Sutton Coldfield"/>
  <tag k="addr:housenumber" v="328"/>
  <tag k="addr:postcode" v="B74 4BQ"/>
  <tag k="addr:street" v="Lichfield Road"/>
  <tag k="building" v="retail"/>
  <tag k="ref:GB:uprn" v="100071398092;10096964283"/>
  <tag k="source" v="bing"/>
 </way>
 <way id="550291215" visible="true" version="6" changeset="183962289" timestamp="2026-06-11T09:43:01Z" user="Casey_boy" uid="122844">
  <nd ref="5315129314"/>
  <nd ref="1942696729"/>
  <nd ref="1942696733"/>
  <nd ref="5315129316"/>
  <nd ref="1942696758"/>
  <nd ref="5315129313"/>
  <nd ref="13928421951"/>
  <nd ref="13928421952"/>
  <nd ref="5315129314"/>
  <tag k="addr:city" v="Sutton Coldfield"/>
  <tag k="addr:housenumber" v="326"/>
  <tag k="addr:postcode" v="B74 4BG"/>
  <tag k="addr:street" v="Lichfield Road"/>
  <tag k="building" v="yes"/>
  <tag k="ref:GB:uprn" v="100071398091"/>
  <tag k="source" v="bing"/>
 </way>
 <way id="550291218" visible="true" version="1" changeset="55082836" timestamp="2018-01-01T18:20:53Z" user="blackadder" uid="735">
  <nd ref="3773402307"/>
  <nd ref="5315129425"/>
  <nd ref="5315129424"/>
  <nd ref="1952215039"/>
  <nd ref="3773402307"/>
  <tag k="addr:city" v="Sutton Coldfield"/>
  <tag k="addr:housenumber" v="2"/>
  <tag k="addr:postcode" v="B75 5BA"/>
  <tag k="addr:street" v="Hill Village Road"/>
  <tag k="building" v="retail"/>
  <tag k="name" v="Turkish Barbers"/>
  <tag k="shop" v="hairdresser"/>
  <tag k="source" v="bing"/>
 </way>
 <way id="550291219" visible="true" version="1" changeset="55082836" timestamp="2018-01-01T18:20:53Z" user="blackadder" uid="735">
  <nd ref="5315129429"/>
  <nd ref="5315129428"/>
  <nd ref="5315129427"/>
  <nd ref="5315129426"/>
  <nd ref="5315129429"/>
  <tag k="building" v="yes"/>
  <tag k="power" v="substation"/>
 </way>
 <way id="627413580" visible="true" version="3" changeset="147973061" timestamp="2024-02-27T13:21:24Z" user="pigsonthewing" uid="139424">
  <nd ref="831328337"/>
  <nd ref="210420"/>
  <tag k="gritting" v="priority_2"/>
  <tag k="highway" v="primary"/>
  <tag k="junction" v="roundabout"/>
  <tag k="lanes" v="1"/>
  <tag k="lit" v="yes"/>
  <tag k="maintenance" v="gritting"/>
  <tag k="maxspeed" v="30 mph"/>
  <tag k="surface" v="asphalt"/>
 </way>
 <way id="627413585" visible="true" version="3" changeset="147973061" timestamp="2024-02-27T13:21:21Z" user="pigsonthewing" uid="139424">
  <nd ref="210420"/>
  <nd ref="210419"/>
  <tag k="gritting" v="priority_2"/>
  <tag k="highway" v="primary"/>
  <tag k="junction" v="roundabout"/>
  <tag k="lanes" v="1"/>
  <tag k="lit" v="yes"/>
  <tag k="maintenance" v="gritting"/>
  <tag k="maxspeed" v="30 mph"/>
  <tag k="surface" v="asphalt"/>
 </way>
 <way id="627413590" visible="true" version="1" changeset="62832027" timestamp="2018-09-22T17:29:57Z" user="Curran1980" uid="12667">
  <nd ref="3541553902"/>
  <nd ref="210412"/>
  <tag k="gritting" v="priority_2"/>
  <tag k="highway" v="primary"/>
  <tag k="junction" v="roundabout"/>
  <tag k="lanes" v="1"/>
  <tag k="maintenance" v="gritting"/>
  <tag k="maxspeed" v="30 mph"/>
 </way>
 <way id="733524160" visible="true" version="1" changeset="75552985" timestamp="2019-10-11T09:23:03Z" user="poodoshi" uid="10170569">
  <nd ref="6869468558"/>
  <nd ref="6869468559"/>
  <nd ref="6869468560"/>
  <tag k="highway" v="service"/>
 </way>
 <way id="1155646046" visible="true" version="2" changeset="183269529" timestamp="2026-05-27T18:19:33Z" user="Casey_boy" uid="122844">
  <nd ref="10747004981"/>
  <nd ref="13889066214"/>
  <nd ref="13889007597"/>
  <nd ref="13889007596"/>
  <nd ref="10747004983"/>
  <nd ref="10747004984"/>
  <nd ref="10747004981"/>
  <tag k="amenity" v="parking"/>
 </way>
 <way id="1528439174" visible="true" version="1" changeset="183962289" timestamp="2026-06-11T09:43:01Z" user="Casey_boy" uid="122844">
  <nd ref="13928421953"/>
  <nd ref="5315129310"/>
  <nd ref="1942696766"/>
  <nd ref="1942696767"/>
  <nd ref="5315129287"/>
  <nd ref="13928421954"/>
  <nd ref="13928421955"/>
  <nd ref="13928421956"/>
  <nd ref="13928421957"/>
  <nd ref="13928421958"/>
  <nd ref="13928421959"/>
  <nd ref="13928421960"/>
  <nd ref="13928421961"/>
  <nd ref="13928421962"/>
  <nd ref="5315129288"/>
  <nd ref="13928421963"/>
  <nd ref="13928421953"/>
  <tag k="landuse" v="retail"/>
 </way>
 <way id="1528441702" visible="true" version="1" changeset="183962781" timestamp="2026-06-11T09:54:52Z" user="Casey_boy" uid="122844">
  <nd ref="13928485546"/>
  <nd ref="13928485547"/>
  <nd ref="13928485548"/>
  <nd ref="13928485549"/>
  <tag k="highway" v="service"/>
 </way>
 <way id="1528441703" visible="true" version="1" changeset="183962781" timestamp="2026-06-11T09:54:52Z" user="Casey_boy" uid="122844">
  <nd ref="1942696549"/>
  <nd ref="13928485551"/>
  <nd ref="13928485561"/>
  <nd ref="13928485554"/>
  <nd ref="13928485552"/>
  <nd ref="13928485553"/>
  <nd ref="1942696560"/>
  <nd ref="13928485544"/>
  <nd ref="1942696549"/>
  <tag k="brand" v="Shell Select"/>
  <tag k="brand:wikidata" v="Q124359752"/>
  <tag k="building" v="yes"/>
  <tag k="name" v="Shell Select"/>
  <tag k="shop" v="convenience"/>
 </way>
 <way id="1528441705" visible="true" version="1" changeset="183962781" timestamp="2026-06-11T09:54:52Z" user="Casey_boy" uid="122844">
  <nd ref="13928485564"/>
  <nd ref="13928485565"/>
  <tag k="highway" v="service"/>
 </way>
 <relation id="165456" visible="true" version="74" changeset="162021139" timestamp="2025-02-01T18:16:44Z" user="mrpacmanmap" uid="563773">
  <member type="way" ref="4336560" role="forward"/>
  <member type="way" ref="3040103" role=""/>
  <member type="way" ref="8119763" role="forward"/>
  <member type="way" ref="41698481" role=""/>
  <member type="way" ref="132845850" role=""/>
  <member type="way" ref="132845849" role=""/>
  <member type="way" ref="36866696" role="forward"/>
  <member type="way" ref="36866697" role="forward"/>
  <member type="way" ref="4336562" role=""/>
  <member type="way" ref="831" role="forward"/>
  <member type="way" ref="41698533" role="forward"/>
  <member type="way" ref="761" role="forward"/>
  <member type="way" ref="37092714" role=""/>
  <member type="way" ref="38291892" role="forward"/>
  <member type="way" ref="8119760" role=""/>
  <member type="way" ref="431498811" role=""/>
  <member type="way" ref="3211898" role="forward"/>
  <member type="way" ref="733" role=""/>
  <member type="way" ref="97685973" role=""/>
  <member type="way" ref="48273301" role="forward"/>
  <member type="way" ref="38291893" role="forward"/>
  <member type="way" ref="38291894" role="forward"/>
  <member type="way" ref="726" role=""/>
  <member type="way" ref="735" role="forward"/>
  <member type="way" ref="41698480" role="forward"/>
  <member type="way" ref="8119764" role="forward"/>
  <member type="way" ref="871" role=""/>
  <member type="way" ref="69409253" role="forward"/>
  <member type="way" ref="95835723" role="forward"/>
  <member type="way" ref="69409248" role="forward"/>
  <member type="way" ref="627413585" role="forward"/>
  <member type="way" ref="627413580" role="forward"/>
  <member type="way" ref="69409243" role="forward"/>
  <member type="way" ref="627413590" role="forward"/>
  <member type="way" ref="132844166" role="forward"/>
  <member type="way" ref="8119761" role="forward"/>
  <member type="way" ref="41698534" role="forward"/>
  <member type="way" ref="176613300" role=""/>
  <member type="way" ref="176613299" role=""/>
  <member type="way" ref="69409236" role=""/>
  <member type="way" ref="142541941" role=""/>
  <member type="way" ref="763" role=""/>
  <member type="way" ref="2627" role=""/>
  <member type="way" ref="2626" role=""/>
  <member type="way" ref="694364695" role=""/>
  <member type="way" ref="14306310" role=""/>
  <member type="way" ref="14301883" role=""/>
  <member type="way" ref="2631" role="forward"/>
  <member type="way" ref="645940732" role="forward"/>
  <member type="way" ref="645940729" role="forward"/>
  <member type="way" ref="4366496" role="forward"/>
  <member type="way" ref="8142685" role="forward"/>
  <member type="way" ref="1102822687" role="forward"/>
  <member type="way" ref="4366495" role="forward"/>
  <member type="way" ref="1102822691" role="forward"/>
  <member type="way" ref="4446843" role="forward"/>
  <member type="way" ref="1102822692" role=""/>
  <member type="way" ref="694229331" role=""/>
  <member type="way" ref="82670769" role=""/>
  <member type="way" ref="431579579" role=""/>
  <member type="way" ref="431579578" role=""/>
  <member type="way" ref="431579574" role=""/>
  <member type="way" ref="431579573" role=""/>
  <member type="way" ref="14301918" role=""/>
  <member type="way" ref="431579563" role="forward"/>
  <member type="way" ref="431579565" role="forward"/>
  <member type="way" ref="431579567" role="forward"/>
  <member type="way" ref="431579547" role="forward"/>
  <member type="way" ref="153245639" role="forward"/>
  <member type="way" ref="695941943" role="forward"/>
  <member type="way" ref="14301928" role="forward"/>
  <member type="way" ref="633069080" role="forward"/>
  <member type="way" ref="431579549" role="forward"/>
  <member type="way" ref="14478409" role="forward"/>
  <member type="way" ref="431579548" role="forward"/>
  <member type="way" ref="69602775" role="forward"/>
  <member type="way" ref="1265381148" role="forward"/>
  <member type="way" ref="14463137" role="forward"/>
  <member type="way" ref="69602774" role="forward"/>
  <member type="way" ref="695943151" role="forward"/>
  <member type="way" ref="695943149" role="forward"/>
  <member type="way" ref="4446842" role="forward"/>
  <member type="way" ref="645940725" role="forward"/>
  <member type="way" ref="14301881" role="forward"/>
  <member type="way" ref="69602778" role="forward"/>
  <member type="way" ref="1102822689" role="forward"/>
  <member type="way" ref="69602783" role="forward"/>
  <member type="way" ref="69602780" role="forward"/>
  <member type="way" ref="14301872" role="forward"/>
  <member type="way" ref="629267101" role="forward"/>
  <member type="way" ref="14365955" role="forward"/>
  <member type="way" ref="686200697" role="forward"/>
  <member type="way" ref="14365958" role=""/>
  <member type="way" ref="432546723" role=""/>
  <member type="way" ref="449881276" role=""/>
  <member type="way" ref="1265381144" role=""/>
  <member type="way" ref="1265381145" role=""/>
  <member type="way" ref="432546722" role=""/>
  <member type="way" ref="14365956" role=""/>
  <member type="way" ref="69602771" role=""/>
  <member type="way" ref="14365898" role="forward"/>
  <member type="way" ref="14375293" role="forward"/>
  <member type="way" ref="69602772" role="forward"/>
  <member type="way" ref="14375288" role=""/>
  <member type="way" ref="82665317" role=""/>
  <member type="way" ref="292894550" role=""/>
  <member type="way" ref="7983689" role=""/>
  <member type="way" ref="478253607" role=""/>
  <member type="way" ref="478253609" role=""/>
  <member type="way" ref="478253608" role=""/>
  <member type="way" ref="7983867" role="forward"/>
  <member type="way" ref="69602767" role="forward"/>
  <member type="way" ref="7983871" role="forward"/>
  <member type="way" ref="69602766" role="forward"/>
  <member type="way" ref="7983864" role="forward"/>
  <member type="way" ref="69602768" role="forward"/>
  <member type="way" ref="21081663" role=""/>
  <member type="way" ref="31318803" role=""/>
  <member type="way" ref="1355985762" role=""/>
  <member type="way" ref="1355985761" role=""/>
  <member type="way" ref="21081668" role=""/>
  <member type="way" ref="21081667" role="forward"/>
  <member type="way" ref="7983699" role="forward"/>
  <member type="way" ref="7983851" role="forward"/>
  <member type="way" ref="69602758" role="forward"/>
  <member type="way" ref="31301868" role="forward"/>
  <member type="way" ref="7983855" role="forward"/>
  <member type="way" ref="31318801" role=""/>
  <member type="way" ref="7983700" role=""/>
  <member type="way" ref="153245634" role="forward"/>
  <member type="way" ref="153245621" role="forward"/>
  <member type="way" ref="7983822" role="forward"/>
  <member type="way" ref="7983823" role="forward"/>
  <member type="way" ref="42837973" role="forward"/>
  <member type="way" ref="642301690" role="forward"/>
  <member type="way" ref="9622822" role="forward"/>
  <member type="way" ref="7983701" role="forward"/>
  <member type="way" ref="69602755" role="forward"/>
  <member type="way" ref="31314210" role=""/>
  <member type="way" ref="455249044" role=""/>
  <member type="way" ref="7983786" role="forward"/>
  <member type="way" ref="292902834" role="forward"/>
  <member type="way" ref="315141048" role="forward"/>
  <member type="way" ref="315141057" role="forward"/>
  <member type="way" ref="292902833" role="forward"/>
  <member type="way" ref="292902831" role="forward"/>
  <member type="way" ref="292902816" role=""/>
  <member type="way" ref="835213712" role=""/>
  <member type="way" ref="683852110" role=""/>
  <member type="way" ref="562425589" role="forward"/>
  <member type="way" ref="260070319" role="forward"/>
  <member type="way" ref="838615846" role="forward"/>
  <member type="way" ref="833508841" role="forward"/>
  <member type="way" ref="262076811" role="forward"/>
  <member type="way" ref="7983703" role="forward"/>
  <member type="way" ref="262076812" role="forward"/>
  <member type="way" ref="262076814" role="forward"/>
  <member type="way" ref="262076813" role="forward"/>
  <member type="way" ref="27754354" role="forward"/>
  <member type="way" ref="23822175" role="forward"/>
  <member type="way" ref="71324180" role="forward"/>
  <member type="way" ref="71324182" role="forward"/>
  <member type="way" ref="116042816" role="forward"/>
  <member type="way" ref="116042824" role="forward"/>
  <member type="way" ref="431498810" role=""/>
  <member type="way" ref="71589679" role=""/>
  <member type="way" ref="71594986" role="forward"/>
  <member type="way" ref="71594987" role="forward"/>
  <member type="way" ref="71597693" role=""/>
  <member type="way" ref="104796908" role="forward"/>
  <member type="way" ref="96102833" role="forward"/>
  <member type="way" ref="573022529" role=""/>
  <member type="way" ref="44174819" role=""/>
  <member type="way" ref="14161744" role="forward"/>
  <member type="way" ref="256896558" role="forward"/>
  <member type="way" ref="292905181" role="forward"/>
  <member type="way" ref="256896556" role="forward"/>
  <member type="way" ref="292902828" role="forward"/>
  <member type="way" ref="292902832" role="forward"/>
  <member type="way" ref="315141041" role="forward"/>
  <member type="way" ref="293814272" role="forward"/>
  <member type="way" ref="292902817" role="forward"/>
  <member type="way" ref="292902826" role="forward"/>
  <tag k="name" v="NXWM Bus Route 6"/>
  <tag k="operator" v="National Express West Midlands"/>
  <tag k="ref" v="6"/>
  <tag k="route" v="bus"/>
  <tag k="type" v="route"/>
 </relation>
 <relation id="165529" visible="true" version="51" changeset="76539710" timestamp="2019-11-02T23:00:06Z" user="Cebderby" uid="705850">
  <member type="way" ref="132844166" role="forward"/>
  <member type="way" ref="627413590" role="forward"/>
  <member type="way" ref="41698481" role=""/>
  <member type="way" ref="132845850" role=""/>
  <member type="way" ref="132845849" role=""/>
  <member type="way" ref="831" role="forward"/>
  <member type="way" ref="41698533" role="forward"/>
  <member type="way" ref="69409243" role="forward"/>
  <member type="way" ref="627413580" role="forward"/>
  <member type="way" ref="627413585" role="forward"/>
  <member type="way" ref="8119763" role="forward"/>
  <member type="way" ref="8119764" role="forward"/>
  <member type="way" ref="761" role="forward"/>
  <member type="way" ref="69409248" role="forward"/>
  <member type="way" ref="735" role="forward"/>
  <member type="way" ref="41698480" role="forward"/>
  <member type="way" ref="8119760" role=""/>
  <member type="way" ref="431498811" role=""/>
  <member type="way" ref="733" role=""/>
  <member type="way" ref="97685973" role=""/>
  <member type="way" ref="48273301" role="forward"/>
  <member type="way" ref="38291893" role="forward"/>
  <member type="way" ref="38291894" role="forward"/>
  <member type="way" ref="4336560" role="forward"/>
  <member type="way" ref="69409253" role="forward"/>
  <member type="way" ref="95835723" role="forward"/>
  <member type="way" ref="38291892" role="forward"/>
  <member type="way" ref="37092714" role=""/>
  <member type="way" ref="4336562" role=""/>
  <member type="way" ref="726" role=""/>
  <member type="way" ref="3211898" role="forward"/>
  <member type="way" ref="36866696" role="forward"/>
  <member type="way" ref="871" role=""/>
  <member type="way" ref="3040103" role=""/>
  <member type="way" ref="8119761" role="forward"/>
  <member type="way" ref="41698534" role="forward"/>
  <member type="way" ref="176613300" role=""/>
  <member type="way" ref="176613299" role=""/>
  <member type="way" ref="69409236" role=""/>
  <member type="way" ref="142541941" role=""/>
  <member type="way" ref="763" role=""/>
  <member type="way" ref="48273300" role=""/>
  <member type="way" ref="71204822" role="forward"/>
  <member type="way" ref="14200344" role=""/>
  <member type="way" ref="14200342" role=""/>
  <member type="way" ref="71204826" role=""/>
  <member type="way" ref="4359029" role=""/>
  <member type="way" ref="633069082" role=""/>
  <member type="way" ref="71204815" role=""/>
  <member type="way" ref="6132653" role=""/>
  <member type="way" ref="71204807" role=""/>
  <member type="way" ref="6132882" role=""/>
  <member type="way" ref="71204812" role=""/>
  <member type="way" ref="7369014" role=""/>
  <member type="way" ref="84525898" role=""/>
  <member type="way" ref="71204791" role=""/>
  <member type="way" ref="71204701" role="forward"/>
  <member type="way" ref="7369477" role="forward"/>
  <member type="way" ref="629267085" role="forward"/>
  <member type="way" ref="629267086" role="forward"/>
  <member type="way" ref="633069078" role="forward"/>
  <member type="way" ref="633069094" role="forward"/>
  <member type="way" ref="792" role="forward"/>
  <member type="way" ref="71324213" role=""/>
  <member type="way" ref="431498810" role=""/>
  <member type="way" ref="71589679" role=""/>
  <member type="way" ref="71594986" role="forward"/>
  <member type="way" ref="71594987" role="forward"/>
  <member type="way" ref="71597693" role=""/>
  <member type="way" ref="104796908" role="forward"/>
  <member type="way" ref="36866697" role="forward"/>
  <member type="way" ref="14161744" role="forward"/>
  <member type="way" ref="44174819" role=""/>
  <tag k="name" v="Diamond Bus Route 78"/>
  <tag k="operator" v="Diamond Bus"/>
  <tag k="ref" v="78"/>
  <tag k="route" v="bus"/>
  <tag k="type" v="route"/>
 </relation>
 <relation id="165530" visible="true" version="107" changeset="184869939" timestamp="2026-06-30T18:19:39Z" user="mrpacmanmap" uid="563773">
  <member type="way" ref="172413536" role="forward"/>
  <member type="way" ref="1350901584" role="backward"/>
  <member type="way" ref="172413542" role="forward"/>
  <member type="way" ref="749931563" role="forward"/>
  <member type="way" ref="141776747" role="forward"/>
  <member type="way" ref="44140997" role="forward"/>
  <member type="way" ref="163782460" role="forward"/>
  <member type="way" ref="8022945" role="forward"/>
  <member type="way" ref="44140647" role="forward"/>
  <member type="way" ref="23166593" role="forward"/>
  <member type="way" ref="727694811" role="forward"/>
  <member type="way" ref="455136230" role="forward"/>
  <member type="way" ref="624863007" role="forward"/>
  <member type="way" ref="23166579" role="forward"/>
  <member type="way" ref="4823750" role="forward"/>
  <member type="way" ref="1534025305" role="forward"/>
  <member type="way" ref="172413541" role="forward"/>
  <member type="way" ref="429592340" role="forward"/>
  <member type="way" ref="1534025321" role="forward"/>
  <member type="way" ref="172246487" role="forward"/>
  <member type="way" ref="1534025323" role="forward"/>
  <member type="way" ref="10479594" role="forward"/>
  <member type="way" ref="10595460" role="forward"/>
  <member type="way" ref="10496360" role="forward"/>
  <member type="way" ref="1350477277" role="forward"/>
  <member type="way" ref="228842276" role="forward"/>
  <member type="way" ref="225135761" role="forward"/>
  <member type="way" ref="17071487" role="forward"/>
  <member type="way" ref="431502840" role=""/>
  <member type="way" ref="747" role=""/>
  <member type="way" ref="4336560" role="forward"/>
  <member type="way" ref="10608488" role=""/>
  <member type="way" ref="4336562" role=""/>
  <member type="way" ref="761" role="forward"/>
  <member type="way" ref="10608489" role="forward"/>
  <member type="way" ref="356076591" role="forward"/>
  <member type="way" ref="751" role="forward"/>
  <member type="way" ref="733" role=""/>
  <member type="way" ref="97685973" role=""/>
  <member type="way" ref="48273301" role="forward"/>
  <member type="way" ref="38291893" role="forward"/>
  <member type="way" ref="38291894" role="forward"/>
  <member type="way" ref="750" role="forward"/>
  <member type="way" ref="17246133" role="forward"/>
  <member type="way" ref="25283052" role="forward"/>
  <member type="way" ref="3212671" role=""/>
  <member type="way" ref="132844166" role="forward"/>
  <member type="way" ref="150348826" role="forward"/>
  <member type="way" ref="627413590" role="forward"/>
  <member type="way" ref="749" role="forward"/>
  <member type="way" ref="735" role="forward"/>
  <member type="way" ref="41698480" role="forward"/>
  <member type="way" ref="748" role=""/>
  <member type="way" ref="871" role=""/>
  <member type="way" ref="14161741" role="forward"/>
  <member type="way" ref="153194861" role="forward"/>
  <member type="way" ref="3040103" role=""/>
  <member type="way" ref="8119763" role="forward"/>
  <member type="way" ref="41698481" role=""/>
  <member type="way" ref="132845850" role=""/>
  <member type="way" ref="132845849" role=""/>
  <member type="way" ref="3211902" role="forward"/>
  <member type="way" ref="4336590" role="forward"/>
  <member type="way" ref="36920712" role=""/>
  <member type="way" ref="431502842" role=""/>
  <member type="way" ref="20002355" role=""/>
  <member type="way" ref="431502841" role=""/>
  <member type="way" ref="752" role=""/>
  <member type="way" ref="1147609469" role=""/>
  <member type="way" ref="142771742" role=""/>
  <member type="way" ref="459337207" role=""/>
  <member type="way" ref="722" role="forward"/>
  <member type="way" ref="831" role="forward"/>
  <member type="way" ref="41698533" role="forward"/>
  <member type="way" ref="10608481" role=""/>
  <member type="way" ref="431517504" role=""/>
  <member type="way" ref="431517505" role=""/>
  <member type="way" ref="4436467" role="forward"/>
  <member type="way" ref="356076592" role="forward"/>
  <member type="way" ref="37092714" role=""/>
  <member type="way" ref="38291892" role="forward"/>
  <member type="way" ref="8119760" role=""/>
  <member type="way" ref="431498811" role=""/>
  <member type="way" ref="4436468" role="forward"/>
  <member type="way" ref="356076590" role="forward"/>
  <member type="way" ref="8119764" role="forward"/>
  <member type="way" ref="37102007" role="forward"/>
  <member type="way" ref="50303574" role="forward"/>
  <member type="way" ref="69409253" role="forward"/>
  <member type="way" ref="95835723" role="forward"/>
  <member type="way" ref="69409248" role="forward"/>
  <member type="way" ref="69409243" role="forward"/>
  <member type="way" ref="627413585" role="forward"/>
  <member type="way" ref="69598172" role=""/>
  <member type="way" ref="69598185" role=""/>
  <member type="way" ref="7996347" role=""/>
  <member type="way" ref="69598189" role=""/>
  <member type="way" ref="69598167" role=""/>
  <member type="way" ref="550291195" role=""/>
  <member type="way" ref="550291198" role=""/>
  <member type="way" ref="768" role=""/>
  <member type="way" ref="431518126" role=""/>
  <member type="way" ref="390076" role=""/>
  <member type="way" ref="389988" role="forward"/>
  <member type="way" ref="8025425" role="forward"/>
  <member type="way" ref="8025430" role="forward"/>
  <member type="way" ref="753" role=""/>
  <member type="way" ref="754" role="forward"/>
  <member type="way" ref="625629431" role="forward"/>
  <member type="way" ref="38131569" role="forward"/>
  <member type="way" ref="38181315" role="forward"/>
  <member type="way" ref="625629399" role="forward"/>
  <member type="way" ref="755" role="forward"/>
  <member type="way" ref="382237367" role="forward"/>
  <member type="way" ref="39319340" role="forward"/>
  <member type="way" ref="431139798" role="forward"/>
  <member type="way" ref="757" role="forward"/>
  <member type="way" ref="38181800" role="forward"/>
  <member type="way" ref="624274551" role="forward"/>
  <member type="way" ref="624274547" role="forward"/>
  <member type="way" ref="38181799" role="forward"/>
  <member type="way" ref="431139789" role="forward"/>
  <member type="way" ref="38181802" role="forward"/>
  <member type="way" ref="624274546" role="forward"/>
  <member type="way" ref="624274548" role="forward"/>
  <member type="way" ref="8792932" role="forward"/>
  <member type="way" ref="49683799" role="forward"/>
  <member type="way" ref="756" role="forward"/>
  <member type="way" ref="760" role=""/>
  <member type="way" ref="431139796" role=""/>
  <member type="way" ref="144710528" role="forward"/>
  <member type="way" ref="139428416" role="forward"/>
  <member type="way" ref="139428417" role="forward"/>
  <member type="way" ref="144710529" role="forward"/>
  <member type="way" ref="431139784" role=""/>
  <member type="way" ref="139428415" role=""/>
  <member type="way" ref="431139787" role=""/>
  <member type="way" ref="431139793" role=""/>
  <member type="way" ref="277766339" role="forward"/>
  <member type="way" ref="23235496" role="forward"/>
  <member type="way" ref="5082094" role=""/>
  <member type="way" ref="3240897" role="forward"/>
  <member type="way" ref="69409255" role="forward"/>
  <member type="way" ref="22569840" role="forward"/>
  <member type="way" ref="2302" role="forward"/>
  <member type="way" ref="22569837" role="forward"/>
  <member type="way" ref="22569839" role="forward"/>
  <member type="way" ref="23058350" role="forward"/>
  <member type="way" ref="22569838" role="forward"/>
  <member type="way" ref="245766354" role="forward"/>
  <member type="way" ref="2303" role="forward"/>
  <member type="way" ref="23058348" role="forward"/>
  <member type="way" ref="23058323" role="forward"/>
  <member type="way" ref="142557802" role="forward"/>
  <member type="way" ref="162803991" role="forward"/>
  <member type="way" ref="5080720" role="forward"/>
  <member type="way" ref="142557801" role="forward"/>
  <member type="way" ref="162803993" role="forward"/>
  <member type="way" ref="2304" role="forward"/>
  <member type="way" ref="27266391" role="forward"/>
  <member type="way" ref="27266388" role="forward"/>
  <member type="way" ref="2287" role=""/>
  <member type="way" ref="2285" role=""/>
  <member type="way" ref="1079143295" role=""/>
  <member type="way" ref="1079143294" role=""/>
  <member type="way" ref="237213390" role="forward"/>
  <member type="way" ref="237213389" role="forward"/>
  <member type="way" ref="454926179" role="forward"/>
  <member type="way" ref="515056487" role="forward"/>
  <member type="way" ref="3869059" role="forward"/>
  <member type="way" ref="430133578" role="forward"/>
  <member type="way" ref="38182152" role="forward"/>
  <member type="way" ref="429427496" role="forward"/>
  <member type="way" ref="144379349" role="forward"/>
  <member type="way" ref="38182314" role="forward"/>
  <member type="way" ref="40305661" role="forward"/>
  <member type="way" ref="28286879" role="forward"/>
  <member type="way" ref="40305660" role="forward"/>
  <member type="way" ref="430133576" role="forward"/>
  <member type="way" ref="430133580" role="forward"/>
  <member type="way" ref="430133571" role="forward"/>
  <member type="way" ref="430133580" role="forward"/>
  <member type="way" ref="430133576" role="forward"/>
  <member type="way" ref="155995011" role="forward"/>
  <member type="way" ref="237213387" role="forward"/>
  <member type="way" ref="1079142374" role="forward"/>
  <member type="way" ref="2284" role="forward"/>
  <member type="way" ref="1079142375" role="forward"/>
  <member type="way" ref="3869060" role="forward"/>
  <member type="way" ref="1090659722" role="forward"/>
  <member type="way" ref="1090659721" role="forward"/>
  <member type="way" ref="237228282" role="forward"/>
  <member type="way" ref="454925580" role="forward"/>
  <member type="way" ref="430133571" role="forward"/>
  <member type="way" ref="44141003" role="forward"/>
  <member type="way" ref="430133577" role="forward"/>
  <member type="way" ref="430133577" role="forward"/>
  <member type="way" ref="69598603" role="forward"/>
  <member type="way" ref="71327171" role=""/>
  <member type="way" ref="431498810" role=""/>
  <member type="way" ref="71589679" role=""/>
  <member type="way" ref="71594986" role="forward"/>
  <member type="way" ref="71594987" role="forward"/>
  <member type="way" ref="71597693" role=""/>
  <member type="way" ref="573022529" role="forward"/>
  <member type="way" ref="96102833" role="forward"/>
  <member type="way" ref="44174819" role=""/>
  <tag k="name" v="NXWM Bus Route X5"/>
  <tag k="operator" v="National Express West Midlands"/>
  <tag k="ref" v="X5"/>
  <tag k="route" v="bus"/>
  <tag k="type" v="route"/>
 </relation>
 <relation id="167230" visible="true" version="53" changeset="146844519" timestamp="2024-01-30T02:28:49Z" user="mrpacmanmap" uid="563773">
  <member type="way" ref="1601" role=""/>
  <member type="way" ref="1602" role=""/>
  <member type="way" ref="218846957" role=""/>
  <member type="way" ref="124555762" role=""/>
  <member type="way" ref="124555764" role=""/>
  <member type="way" ref="4237624" role=""/>
  <member type="way" ref="37286140" role=""/>
  <member type="way" ref="1131" role=""/>
  <member type="way" ref="2675" role=""/>
  <member type="way" ref="8120044" role=""/>
  <member type="way" ref="71589690" role=""/>
  <member type="way" ref="2676" role=""/>
  <member type="way" ref="8120045" role="forward"/>
  <member type="way" ref="71589677" role="forward"/>
  <member type="way" ref="431216334" role=""/>
  <member type="way" ref="820" role=""/>
  <member type="way" ref="770" role=""/>
  <member type="way" ref="218846962" role=""/>
  <member type="way" ref="431216331" role=""/>
  <member type="way" ref="772" role="forward"/>
  <member type="way" ref="741336971" role="forward"/>
  <member type="way" ref="771" role="forward"/>
  <member type="way" ref="431216332" role="forward"/>
  <member type="way" ref="98581188" role=""/>
  <member type="way" ref="4329475" role=""/>
  <member type="way" ref="8119760" role=""/>
  <member type="way" ref="431498811" role=""/>
  <member type="way" ref="4329474" role=""/>
  <member type="way" ref="4329488" role=""/>
  <member type="way" ref="71594996" role=""/>
  <member type="way" ref="821" role=""/>
  <member type="way" ref="822" role=""/>
  <member type="way" ref="69598172" role=""/>
  <member type="way" ref="767" role=""/>
  <member type="way" ref="8119762" role=""/>
  <member type="way" ref="766" role="forward"/>
  <member type="way" ref="627413585" role="forward"/>
  <member type="way" ref="627413580" role="forward"/>
  <member type="way" ref="69409243" role="forward"/>
  <member type="way" ref="71594987" role="forward"/>
  <member type="way" ref="69409246" role="forward"/>
  <member type="way" ref="132844166" role="forward"/>
  <member type="way" ref="627413590" role="forward"/>
  <member type="way" ref="150348826" role="forward"/>
  <member type="way" ref="41698532" role="forward"/>
  <member type="way" ref="947" role=""/>
  <member type="way" ref="409568375" role=""/>
  <member type="way" ref="3211898" role="forward"/>
  <member type="way" ref="36866696" role="forward"/>
  <member type="way" ref="37102007" role="forward"/>
  <member type="way" ref="14161741" role="forward"/>
  <member type="way" ref="153194861" role="forward"/>
  <member type="way" ref="3211902" role="forward"/>
  <member type="way" ref="50303574" role="forward"/>
  <member type="way" ref="50303576" role="forward"/>
  <member type="way" ref="722" role="forward"/>
  <member type="way" ref="431501775" role="forward"/>
  <member type="way" ref="141328054" role="forward"/>
  <member type="way" ref="381224686" role="forward"/>
  <member type="way" ref="573022529" role=""/>
  <member type="way" ref="4336562" role=""/>
  <member type="way" ref="37092714" role=""/>
  <member type="way" ref="4336560" role="forward"/>
  <member type="way" ref="4336561" role="forward"/>
  <member type="way" ref="50303510" role="forward"/>
  <member type="way" ref="3212157" role="forward"/>
  <member type="way" ref="71596391" role="forward"/>
  <member type="way" ref="727" role="forward"/>
  <member type="way" ref="8119759" role=""/>
  <member type="way" ref="1244260774" role=""/>
  <member type="way" ref="3212460" role=""/>
  <member type="way" ref="776" role="forward"/>
  <member type="way" ref="1244260773" role="forward"/>
  <member type="way" ref="1590" role="forward"/>
  <member type="way" ref="71594935" role="forward"/>
  <member type="way" ref="1244260772" role="forward"/>
  <member type="way" ref="71594939" role=""/>
  <member type="way" ref="697464861" role=""/>
  <member type="way" ref="697464860" role=""/>
  <member type="way" ref="25283054" role=""/>
  <member type="way" ref="777" role=""/>
  <member type="way" ref="104877573" role=""/>
  <member type="way" ref="780" role=""/>
  <member type="way" ref="137057630" role=""/>
  <member type="way" ref="4209566" role=""/>
  <member type="way" ref="48277362" role=""/>
  <member type="way" ref="4004371" role=""/>
  <member type="way" ref="4004374" role=""/>
  <member type="way" ref="4004375" role=""/>
  <member type="way" ref="71594908" role=""/>
  <member type="way" ref="4209863" role=""/>
  <member type="way" ref="4209867" role="forward"/>
  <member type="way" ref="71594914" role="forward"/>
  <member type="way" ref="71594922" role=""/>
  <member type="way" ref="101564966" role=""/>
  <member type="way" ref="431203544" role=""/>
  <member type="way" ref="101564977" role="forward"/>
  <member type="way" ref="101564997" role="forward"/>
  <member type="way" ref="859" role="forward"/>
  <member type="way" ref="71327169" role="forward"/>
  <member type="way" ref="628896689" role="forward"/>
  <member type="way" ref="628896688" role="forward"/>
  <member type="way" ref="71327170" role="forward"/>
  <member type="way" ref="71404586" role="forward"/>
  <member type="way" ref="71404585" role="forward"/>
  <member type="way" ref="71204784" role="forward"/>
  <member type="way" ref="7826596" role="forward"/>
  <member type="way" ref="628896694" role="forward"/>
  <member type="way" ref="7826597" role="forward"/>
  <member type="way" ref="7826601" role="forward"/>
  <member type="way" ref="7826600" role="forward"/>
  <member type="way" ref="74764517" role="forward"/>
  <member type="way" ref="74764509" role=""/>
  <member type="way" ref="48346886" role=""/>
  <member type="way" ref="7923814" role=""/>
  <member type="way" ref="74764511" role=""/>
  <member type="way" ref="7923812" role="forward"/>
  <member type="way" ref="7923813" role="forward"/>
  <member type="way" ref="7826606" role=""/>
  <member type="way" ref="104796908" role="forward"/>
  <member type="way" ref="104864382" role="forward"/>
  <member type="way" ref="104867413" role="forward"/>
  <member type="way" ref="14161744" role="forward"/>
  <member type="way" ref="44174819" role=""/>
  <member type="way" ref="726" role=""/>
  <member type="way" ref="36866697" role="forward"/>
  <member type="way" ref="98821316" role="forward"/>
  <member type="way" ref="3040103" role=""/>
  <member type="way" ref="871" role=""/>
  <member type="way" ref="4209992" role="forward"/>
  <member type="way" ref="4209997" role="forward"/>
  <member type="way" ref="4209995" role="forward"/>
  <member type="way" ref="4209999" role="forward"/>
  <member type="way" ref="7833136" role="forward"/>
  <tag k="name" v="Diamond Bus Route 604"/>
  <tag k="operator" v="Diamond Bus"/>
  <tag k="ref" v="604"/>
  <tag k="route" v="bus"/>
  <tag k="type" v="route"/>
 </relation>
 <relation id="319115" visible="true" version="115" changeset="184869939" timestamp="2026-06-30T18:19:39Z" user="mrpacmanmap" uid="563773">
  <member type="way" ref="69409253" role="forward"/>
  <member type="way" ref="95835723" role="forward"/>
  <member type="way" ref="38291892" role="forward"/>
  <member type="way" ref="48273301" role="forward"/>
  <member type="way" ref="38291893" role="forward"/>
  <member type="way" ref="38291894" role="forward"/>
  <member type="way" ref="4336560" role="forward"/>
  <member type="way" ref="37092714" role=""/>
  <member type="way" ref="4336562" role=""/>
  <member type="way" ref="44174819" role=""/>
  <member type="way" ref="3040103" role=""/>
  <member type="way" ref="871" role=""/>
  <member type="way" ref="25283052" role="forward"/>
  <member type="way" ref="17071487" role="forward"/>
  <member type="way" ref="69598603" role="forward"/>
  <member type="way" ref="722" role="forward"/>
  <member type="way" ref="17246133" role="forward"/>
  <member type="way" ref="3212671" role=""/>
  <member type="way" ref="431502841" role=""/>
  <member type="way" ref="20002355" role=""/>
  <member type="way" ref="431502842" role=""/>
  <member type="way" ref="431502840" role=""/>
  <member type="way" ref="747" role=""/>
  <member type="way" ref="748" role=""/>
  <member type="way" ref="36920712" role=""/>
  <member type="way" ref="431517505" role=""/>
  <member type="way" ref="431517504" role=""/>
  <member type="way" ref="10608481" role=""/>
  <member type="way" ref="71327171" role=""/>
  <member type="way" ref="10608488" role=""/>
  <member type="way" ref="4436467" role="forward"/>
  <member type="way" ref="356076592" role="forward"/>
  <member type="way" ref="750" role="forward"/>
  <member type="way" ref="4436468" role="forward"/>
  <member type="way" ref="356076590" role="forward"/>
  <member type="way" ref="459337207" role=""/>
  <member type="way" ref="142771742" role=""/>
  <member type="way" ref="1147609469" role=""/>
  <member type="way" ref="752" role=""/>
  <member type="way" ref="753" role=""/>
  <member type="way" ref="625629431" role="forward"/>
  <member type="way" ref="38131569" role="forward"/>
  <member type="way" ref="382237367" role="forward"/>
  <member type="way" ref="755" role="forward"/>
  <member type="way" ref="756" role="forward"/>
  <member type="way" ref="49683799" role="forward"/>
  <member type="way" ref="8792932" role="forward"/>
  <member type="way" ref="624274548" role="forward"/>
  <member type="way" ref="624274546" role="forward"/>
  <member type="way" ref="38181802" role="forward"/>
  <member type="way" ref="431139789" role="forward"/>
  <member type="way" ref="38181799" role="forward"/>
  <member type="way" ref="277766339" role="forward"/>
  <member type="way" ref="23235496" role="forward"/>
  <member type="way" ref="624274547" role="forward"/>
  <member type="way" ref="624274551" role="forward"/>
  <member type="way" ref="38181800" role="forward"/>
  <member type="way" ref="757" role="forward"/>
  <member type="way" ref="431139798" role="forward"/>
  <member type="way" ref="39319340" role="forward"/>
  <member type="way" ref="625629399" role="forward"/>
  <member type="way" ref="38181315" role="forward"/>
  <member type="way" ref="754" role="forward"/>
  <member type="way" ref="430133576" role="forward"/>
  <member type="way" ref="430133576" role="forward"/>
  <member type="way" ref="40305660" role="forward"/>
  <member type="way" ref="28286879" role="forward"/>
  <member type="way" ref="40305661" role="forward"/>
  <member type="way" ref="38182314" role="forward"/>
  <member type="way" ref="8022945" role="forward"/>
  <member type="way" ref="163782460" role="forward"/>
  <member type="way" ref="44140997" role="forward"/>
  <member type="way" ref="141776747" role="forward"/>
  <member type="way" ref="749931563" role="forward"/>
  <member type="way" ref="172413542" role="forward"/>
  <member type="way" ref="1350901584" role="backward"/>
  <member type="way" ref="172413536" role="forward"/>
  <member type="way" ref="44140647" role="forward"/>
  <member type="way" ref="225135761" role="forward"/>
  <member type="way" ref="228842276" role="forward"/>
  <member type="way" ref="1350477277" role="forward"/>
  <member type="way" ref="10496360" role="forward"/>
  <member type="way" ref="10595460" role="forward"/>
  <member type="way" ref="10479594" role="forward"/>
  <member type="way" ref="155995011" role="forward"/>
  <member type="way" ref="1534025323" role="forward"/>
  <member type="way" ref="172246487" role="forward"/>
  <member type="way" ref="1534025321" role="forward"/>
  <member type="way" ref="429592340" role="forward"/>
  <member type="way" ref="172413541" role="forward"/>
  <member type="way" ref="1534025305" role="forward"/>
  <member type="way" ref="4823750" role="forward"/>
  <member type="way" ref="23166579" role="forward"/>
  <member type="way" ref="624863007" role="forward"/>
  <member type="way" ref="455136230" role="forward"/>
  <member type="way" ref="727694811" role="forward"/>
  <member type="way" ref="23166593" role="forward"/>
  <member type="way" ref="144379349" role="forward"/>
  <member type="way" ref="429427496" role="forward"/>
  <member type="way" ref="38182152" role="forward"/>
  <member type="way" ref="430133578" role="forward"/>
  <member type="way" ref="454925580" role="forward"/>
  <member type="way" ref="237228282" role="forward"/>
  <member type="way" ref="1090659721" role="forward"/>
  <member type="way" ref="1090659722" role="forward"/>
  <member type="way" ref="3869060" role="forward"/>
  <member type="way" ref="1079142375" role="forward"/>
  <member type="way" ref="2284" role="forward"/>
  <member type="way" ref="237213387" role="forward"/>
  <member type="way" ref="1079142374" role="forward"/>
  <member type="way" ref="237213390" role="forward"/>
  <member type="way" ref="237213389" role="forward"/>
  <member type="way" ref="454926179" role="forward"/>
  <member type="way" ref="515056487" role="forward"/>
  <member type="way" ref="3869059" role="forward"/>
  <member type="way" ref="430133571" role="forward"/>
  <member type="way" ref="153194861" role="forward"/>
  <member type="way" ref="573022529" role="forward"/>
  <member type="way" ref="96102833" role="forward"/>
  <member type="way" ref="22569840" role="forward"/>
  <member type="way" ref="3240897" role="forward"/>
  <member type="way" ref="69409255" role="forward"/>
  <member type="way" ref="2302" role="forward"/>
  <member type="way" ref="22569839" role="forward"/>
  <member type="way" ref="22569838" role="forward"/>
  <member type="way" ref="245766354" role="forward"/>
  <member type="way" ref="2303" role="forward"/>
  <member type="way" ref="23058323" role="forward"/>
  <member type="way" ref="142557802" role="forward"/>
  <member type="way" ref="162803991" role="forward"/>
  <member type="way" ref="27266388" role="forward"/>
  <member type="way" ref="27266391" role="forward"/>
  <member type="way" ref="2304" role="forward"/>
  <member type="way" ref="162803993" role="forward"/>
  <member type="way" ref="142557801" role="forward"/>
  <member type="way" ref="5080720" role="forward"/>
  <member type="way" ref="23058348" role="forward"/>
  <member type="way" ref="23058350" role="forward"/>
  <member type="way" ref="22569837" role="forward"/>
  <member type="way" ref="430133577" role="forward"/>
  <member type="way" ref="430133577" role="forward"/>
  <member type="way" ref="430133580" role="forward"/>
  <member type="way" ref="430133580" role="forward"/>
  <member type="way" ref="97685973" role=""/>
  <member type="way" ref="733" role=""/>
  <member type="way" ref="71589679" role=""/>
  <member type="way" ref="431498810" role=""/>
  <member type="way" ref="8119760" role=""/>
  <member type="way" ref="431498811" role=""/>
  <member type="way" ref="71597693" role=""/>
  <member type="way" ref="41698480" role="forward"/>
  <member type="way" ref="431139787" role=""/>
  <member type="way" ref="69409248" role="forward"/>
  <member type="way" ref="8119763" role="forward"/>
  <member type="way" ref="8119764" role="forward"/>
  <member type="way" ref="761" role="forward"/>
  <member type="way" ref="735" role="forward"/>
  <member type="way" ref="431139793" role=""/>
  <member type="way" ref="139428415" role=""/>
  <member type="way" ref="627413580" role="forward"/>
  <member type="way" ref="132845849" role=""/>
  <member type="way" ref="41698534" role="forward"/>
  <member type="way" ref="186029308" role=""/>
  <member type="way" ref="431512357" role=""/>
  <member type="way" ref="2615" role="forward"/>
  <member type="way" ref="2614" role="forward"/>
  <member type="way" ref="640934822" role=""/>
  <member type="way" ref="628639495" role=""/>
  <member type="way" ref="14501843" role=""/>
  <member type="way" ref="14501864" role=""/>
  <member type="way" ref="628639506" role=""/>
  <member type="way" ref="2611" role="forward"/>
  <member type="way" ref="8120032" role="forward"/>
  <member type="way" ref="8120031" role="forward"/>
  <member type="way" ref="238461136" role=""/>
  <member type="way" ref="628639502" role=""/>
  <member type="way" ref="628639527" role=""/>
  <member type="way" ref="14501181" role=""/>
  <member type="way" ref="640934841" role=""/>
  <member type="way" ref="640934845" role=""/>
  <member type="way" ref="81933834" role=""/>
  <member type="way" ref="628639489" role=""/>
  <member type="way" ref="14501483" role=""/>
  <member type="way" ref="176613300" role=""/>
  <member type="way" ref="176613299" role=""/>
  <member type="way" ref="1607938" role=""/>
  <member type="way" ref="139428416" role="forward"/>
  <member type="way" ref="69409236" role=""/>
  <member type="way" ref="69409237" role=""/>
  <member type="way" ref="271824627" role=""/>
  <member type="way" ref="431139784" role=""/>
  <member type="way" ref="37100943" role="forward"/>
  <member type="way" ref="271824580" role=""/>
  <member type="way" ref="628639488" role="forward"/>
  <member type="way" ref="203939982" role="forward"/>
  <member type="way" ref="186029307" role=""/>
  <member type="way" ref="8120035" role=""/>
  <member type="way" ref="69409240" role=""/>
  <member type="way" ref="312188146" role=""/>
  <member type="way" ref="1047724159" role=""/>
  <member type="way" ref="8120030" role="forward"/>
  <member type="way" ref="14501894" role=""/>
  <member type="way" ref="1194755853" role="forward"/>
  <member type="way" ref="628639503" role="forward"/>
  <member type="way" ref="1194755854" role="forward"/>
  <member type="way" ref="8120029" role="forward"/>
  <member type="way" ref="440599990" role=""/>
  <member type="way" ref="258380866" role=""/>
  <member type="way" ref="14501905" role=""/>
  <member type="way" ref="640934850" role=""/>
  <member type="way" ref="628639532" role="forward"/>
  <member type="way" ref="512439546" role=""/>
  <member type="way" ref="186155284" role=""/>
  <member type="way" ref="440599987" role=""/>
  <member type="way" ref="186155283" role=""/>
  <member type="way" ref="42634678" role=""/>
  <member type="way" ref="440599978" role="forward"/>
  <member type="way" ref="2610" role="forward"/>
  <member type="way" ref="2489" role="forward"/>
  <member type="way" ref="271698938" role=""/>
  <member type="way" ref="295326711" role=""/>
  <member type="way" ref="1307082888" role="forward"/>
  <member type="way" ref="133962784" role="forward"/>
  <member type="way" ref="440599977" role="forward"/>
  <member type="way" ref="440599986" role=""/>
  <member type="way" ref="258380862" role=""/>
  <member type="way" ref="288918848" role="forward"/>
  <member type="way" ref="440599985" role=""/>
  <member type="way" ref="133962778" role="forward"/>
  <member type="way" ref="2509" role="forward"/>
  <member type="way" ref="2510" role="forward"/>
  <member type="way" ref="4006209" role="forward"/>
  <member type="way" ref="440599976" role="forward"/>
  <member type="way" ref="4006206" role="forward"/>
  <member type="way" ref="440599981" role="forward"/>
  <member type="way" ref="440599984" role="forward"/>
  <member type="way" ref="628639505" role="forward"/>
  <member type="way" ref="133962787" role="forward"/>
  <member type="way" ref="133962785" role="forward"/>
  <member type="way" ref="2508" role="forward"/>
  <member type="way" ref="628639490" role="forward"/>
  <member type="way" ref="8120028" role="forward"/>
  <member type="way" ref="2613" role=""/>
  <member type="way" ref="144710529" role="forward"/>
  <member type="way" ref="831" role="forward"/>
  <member type="way" ref="71594987" role="forward"/>
  <member type="way" ref="71594986" role="forward"/>
  <member type="way" ref="627413585" role="forward"/>
  <member type="way" ref="69409243" role="forward"/>
  <member type="way" ref="627413590" role="forward"/>
  <member type="way" ref="8119761" role="forward"/>
  <member type="way" ref="144710528" role="forward"/>
  <member type="way" ref="132844166" role="forward"/>
  <member type="way" ref="41698533" role="forward"/>
  <member type="way" ref="139428417" role="forward"/>
  <member type="way" ref="132845850" role=""/>
  <member type="way" ref="41698481" role=""/>
  <member type="way" ref="5082094" role=""/>
  <member type="way" ref="760" role=""/>
  <member type="way" ref="431139796" role=""/>
  <member type="way" ref="749" role="forward"/>
  <member type="way" ref="751" role="forward"/>
  <member type="way" ref="356076591" role="forward"/>
  <member type="way" ref="10608489" role="forward"/>
  <member type="way" ref="1079143294" role=""/>
  <member type="way" ref="1079143295" role=""/>
  <member type="way" ref="2285" role=""/>
  <member type="way" ref="2287" role=""/>
  <member type="way" ref="4791598" role="forward"/>
  <member type="way" ref="686360636" role="forward"/>
  <member type="way" ref="686360638" role="forward"/>
  <member type="way" ref="628639493" role="forward"/>
  <member type="way" ref="628639534" role="forward"/>
  <member type="way" ref="81933969" role="forward"/>
  <member type="way" ref="628639522" role="forward"/>
  <member type="way" ref="42839527" role="forward"/>
  <member type="way" ref="133633996" role=""/>
  <member type="way" ref="38075409" role=""/>
  <member type="way" ref="723145181" role=""/>
  <member type="way" ref="199105522" role=""/>
  <member type="way" ref="244309947" role=""/>
  <member type="way" ref="440599989" role=""/>
  <member type="way" ref="723145198" role=""/>
  <member type="way" ref="440599988" role=""/>
  <member type="way" ref="42634677" role=""/>
  <member type="way" ref="4336590" role="forward"/>
  <member type="way" ref="50303574" role="forward"/>
  <member type="way" ref="3211902" role="forward"/>
  <member type="way" ref="430133571" role="forward"/>
  <member type="way" ref="14161741" role="forward"/>
  <member type="way" ref="37102007" role="forward"/>
  <member type="way" ref="1167895749" role=""/>
  <member type="way" ref="81933907" role=""/>
  <member type="way" ref="81933907" role=""/>
  <member type="way" ref="8120034" role="forward"/>
  <member type="way" ref="14502000" role=""/>
  <member type="way" ref="628639536" role=""/>
  <member type="way" ref="14501955" role=""/>
  <member type="way" ref="14501971" role=""/>
  <member type="way" ref="628639494" role=""/>
  <member type="way" ref="14502016" role=""/>
  <member type="way" ref="14402370" role=""/>
  <member type="way" ref="14402355" role=""/>
  <member type="way" ref="4250646" role="forward"/>
  <member type="way" ref="640934838" role="forward"/>
  <member type="way" ref="640934843" role="forward"/>
  <member type="way" ref="8003214" role="forward"/>
  <member type="way" ref="8003215" role="forward"/>
  <member type="way" ref="686360637" role=""/>
  <member type="way" ref="686360635" role="forward"/>
  <member type="way" ref="14402359" role=""/>
  <member type="way" ref="14501399" role=""/>
  <member type="way" ref="44141003" role="forward"/>
  <member type="way" ref="723167662" role=""/>
  <member type="way" ref="14402259" role=""/>
  <member type="way" ref="8003216" role=""/>
  <member type="way" ref="37190960" role="forward"/>
  <member type="way" ref="640892149" role="forward"/>
  <member type="way" ref="37190962" role="forward"/>
  <member type="way" ref="628639515" role="forward"/>
  <member type="way" ref="640892170" role="forward"/>
  <member type="way" ref="628639507" role="forward"/>
  <member type="way" ref="706075581" role="forward"/>
  <tag k="name" v="NXWM Bus Route X3"/>
  <tag k="operator" v="National Express West Midlands"/>
  <tag k="ref" v="X3"/>
  <tag k="route" v="bus"/>
  <tag k="type" v="route"/>
 </relation>
 <relation id="2360882" visible="true" version="7" changeset="100505479" timestamp="2021-03-05T17:11:11Z" user="landfahrer" uid="1069176">
  <member type="way" ref="176439401" role="outer"/>
  <member type="way" ref="836802294" role="outer"/>
  <member type="way" ref="186321497" role="inner"/>
  <member type="way" ref="186321499" role="inner"/>
  <member type="way" ref="150341103" role="inner"/>
  <member type="way" ref="176613878" role="inner"/>
  <tag k="landuse" v="residential"/>
  <tag k="type" v="multipolygon"/>
 </relation>
</osm>
